V1,V2,V3,V4,V5,V6,V7,V8,V9,V10,V11,V12,V13,V14,V15,V16,V17,V18,V19,V20,V21,V22,V23,V24,V25,V26,V27,V28,V29,V30,V31,V32,V33,V34,V35,V36,V37,V38,V39,V40,V41,class
,,0.0,,,,0.0,31.4,,,,,,,,,,,,0.0,0.0,,0.0,,,,,,,0.0,,0.0,,,0.0,,,0.0,,,,2
,,,,,,,,,,,,,1.393,,,,,,0.0,,,,,,,,,,,1.542,,,,,,,,7.257,,,2
,,,0.0,0.0,,,,,4.0,,,,,,0.0,,,,,,,0.0,,,0.0,,-0.008,,,,0.0,,,,,,,,0.0,,2
,,0.0,0.0,,,,,,,0.0,,2.1,,,,,,,,,,,,,,,1.073,,,,,,,,,,0.0,6.69,,,2
,,0.0,,0.0,,,,,,0.0,,3.449,,,2.0,1.004,,,0.0,,,,,,,,,,,,0.0,,,,,,,,,0.0,2
,,0.0,,,0.0,,,,,0.0,,,,,,,,,,,1.119,,,0.0,,,,,10.276,,,,,,,,,,,,2
,,,,,,,11.1,0.0,,,0.0,,,,,,,,,,1.125,,,,,,,,,,,,,1.0,,4.583,,9.303,,,2
,3.8301,,0.0,,0.0,,31.6,,,,-0.039,,,9.786,,,,,,,,,,,0.0,,,,,,,,,0.0,,,,,,0.0,2
,,,,,0.0,,,,0.0,,,,,,,,,,,,,1.0,0.0,0.0,,,,,,1.069,,,0.0,0.0,3.626,,,,,,2
,,,,,,2.0,,,,,,3.483,1.258,10.159,,,,,,,,,,,,,,,,1.711,0.0,,,,,,,,,,2
,,,,,,2.0,,,2.0,,,,,,,,1.098,,,,,,,,,2.333,,,,1.207,,,,,,,,,,,2
,,,0.0,,,0.0,29.4,2.0,,0.0,0.0,,,,,,1.147,,,0.0,,,,,,1.732,,,,,,,,0.0,,1.7,,,,,2
,,,,0.0,,,,,,,,,,,,,,,,,,0.0,,,,,,,,,,0.0,0.0,0.0,2.998,1.722,,,,,2
,,,,,,0.0,,2.0,,,,,,,,,,0.0,,,,0.0,,,,,-0.181,,,,,0.0,,,,,,,,,2
,,,,,,,,2.0,,,0.0,2.908,2.281,,,,,,,,,,0.0,,,,,,0.0,,,,,,,1.611,,,,,2
,,1.0,,,,0.0,31.6,,,0.0,,,2.777,,,,,0.0,,,,,,,,,,,0.0,,,,,,,,,,0.0,1.0,2
,,,,,0.0,,,,,0.0,,,,,,0.965,1.138,,0.0,0.0,,,,0.0,,,,,,,,0.0,0.0,,6.866,1.603,,11.578,,,2
,,,,1.0,0.0,0.0,,,0.0,1.0,,,,,,,,,0.0,0.0,,0.0,,,,,,,,2.488,,,1.0,2.0,,2.0,,6.599,,,2
,,,,,,,,,,,,2.167,,,,,,,,,1.182,,,,0.0,1.732,-0.522,,0.0,,0.0,0.0,,,2.991,,,,,,2
,1.1521,,0.0,,,,16.7,1.0,,,,,,4.174,,,,,,0.0,,,,,,1.0,-1.099,,,,,,0.0,,,,0.0,,,,2
,,,,,,,27.8,2.0,1.0,,,,,,,,,,,0.0,1.134,0.0,,,,,-0.205,,0.0,,,,,,,,0.0,,,0.0,2
4.0,,,0.0,0.0,,,,1.0,,,,,,,,,,0.0,,,,,,0.0,0.0,,,,,1.0,,,,,3.302,,,7.174,0.0,,2
,,,,,,,,,2.0,0.0,,2.243,,7.408,0.0,1.031,,,,,,,0.0,,,,,0.0,,,,,,,2.817,,0.0,,,,2
,2.8042,,,,,,23.1,,,,,,,8.597,,1.015,,,,0.0,,,,,,,,0.0,,,,,,2.0,3.047,3.367,,,,,2
,2.9558,,0.0,,,,,2.0,,,,,,,,,,,,,,,0.0,,0.0,,,,,,,,0.0,,3.083,3.056,,,,,2
,,,,,0.0,,,1.0,,,,,,7.408,,,,,,0.0,,0.0,,0.0,,,,,,,0.0,,0.0,,,,,7.035,,0.0,2
4.214,3.0057,,,,,,25.0,,,,0.0,,1.459,,,,,,,0.0,,0.0,,,0.0,,,,,,,0.0,,,3.087,,0.0,,,,2
3.848,,0.0,,,,,,2.0,2.0,,0.0,,,,,0.993,,,0.0,,,,,0.0,,,,,,,,,,,,,,,0.0,0.0,2
3.414,2.3729,,0.0,,0.0,,,,1.0,,,,,,1.0,,,,,,,,,,,,,,,,,,,,,,,,,,2
,,,,,,,,,,,,,,,,0.978,1.131,,,,,,,,,,,,,,,0.0,0.0,,3.39,,,,,,2
,3.3225,,,,,,,,,,0.259,,,9.184,,,,,0.0,,,0.0,,0.0,,,,,,,,,,,3.375,,,,,,2
,,,0.0,,,,,2.0,,,,,,8.318,0.0,,,,0.0,0.0,,0.0,,,0.0,,,0.0,,1.0,,,,0.0,3.261,,,7.097,,,2
,,0.0,,,,,,,,,,,1.406,,,,,,,,,,,0.0,0.0,,,,10.162,,,,,,3.417,,,,,,2
,,,,,,,,0.0,2.0,,,3.974,,10.082,,,,,,,,0.0,,0.0,,1.996,,0.0,,,,,0.0,,,,,8.414,,,2
4.17,,,,,,,,,,0.0,,,,,1.0,,,,,,,0.0,,,,1.848,0.425,,,1.542,,0.0,0.0,,3.337,,,,,,2
4.214,,0.0,,,,,,,2.0,,-0.211,,,,1.0,,,,0.0,,,,,,,1.902,,,,,,,,0.0,,,,,,,2
,,,0.0,0.0,,,,,,,,,,,1.0,,,0.0,,,,,,,0.0,,,,,2.052,0.0,,,,3.38,,,,,,2
,3.4039,,0.0,0.0,,0.0,,,,,-0.262,,,,,1.022,,,,,,,0.0,,,,-0.087,,,2.999,,,,,3.349,,0.0,,,,2
,,,,,0.0,,,,2.0,,-0.241,,1.557,,3.0,1.013,,,,,,0.0,,,0.0,,,,,,0.0,,,,,,0.0,,,,2
,,,,,,,,,,0.0,,,,,,,,,,,1.186,0.0,,,,,,,,,,,0.0,,,2.517,,,,0.0,2
,4.5881,,,,,,,,3.0,,-0.209,,,,,,,,,,,,,,,,,,,3.598,0.0,,,,,,,,0.0,,2
,,,,,,,,0.0,4.0,,,3.192,,9.523,,,,,,,,,,,,,,,,,,,0.0,,,,,,,0.0,2
,3.5866,,,,,,,2.0,,,,,,,,,1.142,,,,1.164,,,,,,0.0,,,,0.0,,,,,,,,,,2
,,,,,,,32.5,,,,,4.14,,,,,,,,0.0,,,0.0,,,,,,23.699,9.594,,,,,,2.086,,,,,2
,,,,0.0,,,,1.0,,,,,,,,,,,0.0,,,0.0,,0.0,,,,,10.914,,,,,,,,,,,,2
,,0.0,,,,,,,,,,,,,,,,0.0,,,,0.0,,,,2.0,,,,,,,,,3.511,,0.0,,0.0,0.0,2
,,,,,0.0,,,1.0,,,,2.847,1.379,,,,,,0.0,0.0,1.189,0.0,,,,,0.149,,,,0.0,0.0,0.0,,,,,,0.0,0.0,2
,,,,,,,35.0,,,,,3.204,2.182,,6.0,1.02,,0.0,,,,1.0,0.0,,,,,,10.698,,,,,,,,,,,,2
,,,0.0,,0.0,,,,,0.0,-0.104,,,,,,,0.0,0.0,,,,0.0,0.0,,,,,,,,,,,,,,7.886,,,2
,3.9619,,,,,0.0,,,,0.0,,,2.587,,,,,,,,1.184,,0.0,0.0,,2.107,,,,,,0.0,,,,,,,,,2
4.468,4.1984,,0.0,,,,,,,,,3.37,,,,,,,,0.0,,,,,,,-0.008,,,,,,,0.0,,,,8.196,,,2
,,,,,,0.0,,,,,,,0.918,,0.0,1.134,1.142,,,,,0.0,,0.0,,,,0.0,,,0.0,,,,,,0.0,,,,2
,3.3847,0.0,,,,,,,,,,,,10.416,,,,,,,,,,0.0,0.0,,0.0,0.0,,,,0.0,,,,,,,,,2
,,,,,,,,,,,,,1.436,,4.0,,,,0.0,,,,,,,,,,19.617,,,,,,,,1.0,8.015,,,2
,,,,,,,,,3.0,0.0,,2.612,,,,,,,,,,,0.0,0.0,,,,,,,,,,,,,,,,,2
,,,,,0.0,,,,,,,,,,,,1.148,,,,1.187,,,0.0,,,,0.0,,,0.0,0.0,,,,,,,,,2
,,,0.0,,,,,,,,-0.919,,,,,,1.147,,,,,,,,,,,,,,,,,,3.473,,,,,,2
4.17,2.6629,,,0.0,,,,,,,,,,8.597,,0.983,,,,,1.12,,,,,,,,0.0,1.542,0.0,,0.0,,3.0,2.567,,6.683,,,2
,,,0.0,,,,,,,,,,1.859,,3.0,,,,,,,,,0.0,0.0,,0.014,,,,,,,,,,,,,,2
4.642,,,,,,,,,,,,3.093,,,,0.987,,,,,,,,,,,,,,,,,,1.0,,,,,,,2
,,,0.0,0.0,,,,,,,0.0,,1.187,,,,,0.0,,,,,,,,,,,,,,,,,,,,,,,2
4.807,,,,,0.0,,,2.0,,,,,,,,,1.12,,0.0,,,,,,0.0,,,,,,,,,1.0,,,,,,,2
4.828,,,0.0,,,,,0.0,2.0,,,3.203,,,4.0,,,,,,,,,0.0,,,,,0.0,,,2.0,,0.0,,,,8.114,,0.0,2
4.543,2.7023,,,,,,,,,,,3.309,1.705,,3.0,,,,,0.0,,,,,,,,,,2.905,0.0,,,,,2.485,,,0.0,,2
,,,,,,,,,1.0,,,,,,,,,,,0.0,,,0.0,,,,,,,2.593,,,,,3.587,,,8.061,0.0,,2
,,,,0.0,,2.0,,,,,,,1.187,,,,,,0.0,,,,,,,,,,,1.544,,,,,,,,8.143,,,2
,,,,,,3.0,,,3.0,0.0,,,,,6.0,,,,,,,1.0,,,,,,,10.249,,,,,,3.743,,,,,,2
,,,0.0,,0.0,,,1.0,2.0,,,,1.185,,,1.011,,,,,,,,,,,,,,,,,0.0,,,,0.0,,,,2
,,,,,0.0,,,,,0.0,,,,,10.0,,,,0.0,0.0,,,0.0,,,,0.001,,,2.147,,0.0,,,,,,,,,2
,,,,,,,,,,,,,,,,,,0.0,,,,,,,,2.354,,0.0,,,,,,,3.795,,0.0,8.789,,,2
,,,,,,,,0.0,,0.0,,,,,10.0,,,,,,,,,,,,,0.0,,,,,,0.0,,2.833,,,,,2
,,0.0,,,,3.0,50.0,,,,,,,,,,1.104,,,,,,0.0,,,,,0.0,,,,,,,,,,,2.0,0.0,2
4.793,,,0.0,,0.0,,50.0,,,,,,0.5,,,0.998,,0.0,0.0,,,,,0.0,,,,0.0,11.596,,,,,,,2.313,,,,,2
,,,,,,,,,,0.0,,,,,6.0,,,,0.0,,1.207,,,0.0,0.0,2.236,,0.0,,,,1.0,,,,,,,,0.0,2
5.313,,,,,,,35.3,,,,,,,,8.0,,,0.0,,,,,,,,,,,,,,,,,,,,,,,2
,,,,,,,,,,,3.12,,,,,,,0.0,,,,,,0.0,0.0,,,,0.0,,,,,,3.521,,,,,,2
,,0.0,,,,,,,,,,,,,2.0,,,0.0,0.0,0.0,,1.0,,,0.0,,,,,,,,,,,,0.0,,,,2
,,0.0,,,,0.0,33.3,,,,,,,9.928,,,1.139,,0.0,0.0,,,,,,,,,10.635,,,0.0,0.0,,,,,,,,2
,,,,,0.0,,,,,0.0,0.0,,0.393,,15.0,1.009,,,,,,,,,,,,,13.055,,,3.0,0.0,0.0,,,,,0.0,,2
,,,,,,,,,,0.0,,,,,,,1.11,,,,,,,,,2.194,,,,,,0.0,,,,,,8.116,,,2
,,,,,2.0,,,,,,0.513,,,,,0.978,1.131,,,0.0,,,,0.0,,,,0.0,11.573,,,,,,,,,,0.0,0.0,2
,,,,,,,,,,,,,,,,,,,,,,3.0,,,,,-0.006,,,,,,,,,,,8.065,,0.0,2
,,,,,,,34.5,,,,,,,,,,,,,,1.223,3.0,,,,,0.003,,,,,0.0,,1.0,,,,,,,2
,,,,0.0,,0.0,,,2.0,0.0,,,,,,1.042,,,,,,1.0,0.0,0.0,,,,,,,,0.0,0.0,,,,0.0,,,,2
,,0.0,,,,,,,,,,,,,,,,,,,,,0.0,,,,,,,,,,,,,2.5,,,1.0,,2
,,,,,,,,,,,,,,9.209,,1.038,,,0.0,,,,,,0.0,,,,,,,,,,,,,,,,2
4.414,,,,,,,29.4,,,,,,1.203,,,,,0.0,,,,,,,,,,,,,,,,,,,,,,,2
,2.8025,,,,,2.0,,,2.0,,,,,,,,,,,,,,,,,2.424,,,21.888,,,,2.0,1.0,,,,,,,2
,,,,,,,,0.0,1.0,,,2.826,,9.502,3.0,,,,,,1.19,,,,,,-0.074,,,0.918,,,2.0,,,,,,,,2
,,0.0,,,,,,,,,,,,9.805,,,,,,0.0,,,,,1.0,,0.013,,0.0,,,,,1.0,,1.981,,8.357,,,2
,3.2947,,,,,,,,3.0,,,,,,,,1.138,,,,,,,,,,,,,,,,,,,,,,0.0,,2
,,,,,,0.0,25.0,,,9.0,0.0,,1.654,,,,,0.0,,,,,,,,2.303,,0.0,,1.916,,,,,3.396,,,,0.0,0.0,2
,2.9046,,,,,,,,3.0,,,3.786,1.875,,6.0,,,,,0.0,,,,,,,,,22.271,3.31,,,3.0,,,2.736,,8.888,,1.0,2
,2.3629,,,,,,,,11.0,7.0,,,,11.509,,,,,,,,,,,,,,0.0,,,0.0,,,,,,,,,,2
,,0.0,0.0,,,,,,,,-0.959,3.394,,9.972,2.0,,,,,0.0,,,0.0,,,,,0.0,10.379,,,,,,3.585,2.764,,,,0.0,2
4.659,3.7176,2.0,,0.0,,,,,,,,,,10.094,,,1.144,,,,,,,0.0,,2.125,,,,,,,,,,,,,,,2
,2.8897,0.0,,,,,,,0.0,,,,,9.707,,,1.141,0.0,,,,,,,0.0,,,0.0,,,,,,,,,,7.896,,,2
,,,,,,,25.0,3.0,,,0.0,,,8.597,,,1.161,,,,,,,,0.0,,,0.0,,,,,1.0,2.0,,,,,,,2
,,,0.0,,0.0,,,0.0,0.0,,,,0.918,,,,,,,0.0,,0.0,,,,,,,,,,0.0,,,,,,,0.0,,2
3.618,,0.0,,,,,,,,0.0,,,,,,,,,,0.0,,,,,,,0.33,,0.0,,,,,,,,,,,,2
,,,,,,,,,,,0.0,,,,,,,,,,,,,,,1.414,,,,,,,,,2.651,,,5.86,,,2
,,,,,,,25.0,,,,,,,,,0.988,,,,,,,,0.0,,,,,0.0,,,,,,,2.833,,,,0.0,2
,,,,,,,29.6,,,,,,,,,0.973,,,,,1.16,0.0,,,,,,,0.0,,,0.0,,,,2.093,,,,0.0,2
3.879,,,,,0.0,,29.6,,,,,,2.281,8.743,,,,,,,1.161,,,0.0,,,,,,,,,,,,,,,,0.0,2
,,,,,0.0,0.0,,,,,0.0,,,,,,,,,,,,,,,,,,,,,,,,,1.857,,7.552,,,2
,,,,,0.0,,,,,,,,,10.648,,,1.139,,0.0,,,,,,,,,,,,,,,,,,,,0.0,,2
3.732,,,0.0,,0.0,,,,,0.0,,,,,,,,,,,,,0.0,0.0,,1.802,,0.0,,,0.0,,,,2.897,,,,,0.0,2
,,,,0.0,,,32.7,,,,,,,,,,,,0.0,,,,,,,1.975,,,,7.718,,0.0,,1.0,,,0.0,,,0.0,2
,,,0.0,,,,30.0,,,,0.0,,,,,,,,,,,0.0,,,0.0,,-0.611,,,1.707,0.0,,,,,,,,,,2
,,,0.0,,,,,,,,,2.211,1.0,,,,,0.0,,,0.999,,,,,,,,,,,,,,2.79,,,,0.0,0.0,2
,,,,,,,,,,,,,,,2.0,,1.153,,,0.0,,,,,,,,,,,,,,,,,,,,,2
,,,,0.0,0.0,0.0,,,,,,,0.918,6.594,,,,,,0.0,,,,,,,,0.0,,,,,,,,,,,0.0,0.0,2
,2.8963,,,,,,,,,,,,,8.597,,,,0.0,,,1.196,,0.0,,,,,,,,,0.0,,,,,,,0.0,,2
,,,,,,,31.6,,,,,,,9.222,,,,,,0.0,,,0.0,,,,,,,,,,0.0,,,2.5,0.0,,,,2
,,0.0,0.0,,,,,,,,,,,9.222,,,,0.0,,,,,,,,,,,,2.133,,,,,,,,,,,2
,,,,,,0.0,,,,,,,,,2.0,,,,,,,,,,,,,,,,,,,1.0,,,,8.337,,,2
,,,,,,,,,3.0,0.0,,,1.837,,,1.021,,,,,1.121,,,,0.0,2.074,,0.0,,,,0.0,,,,,0.0,7.912,,,2
,,,,,,0.0,32.4,,4.0,,,,,,,,,,0.0,,,0.0,0.0,,,,,,,,,,0.0,,,,,,,,2
,5.6969,0.0,,0.0,0.0,,,,,0.0,,,2.929,,,,,,,,,,,,,,,,,,,,0.0,,,,,,,0.0,2
,,,,0.0,,,,3.0,,,-0.195,,,,,,,,,,,,,,,,,,,,0.0,,,,,,,,0.0,,2
,,,,,,,28.6,,3.0,,,,,,1.0,1.014,1.149,,,,,0.0,,,,,,0.0,,,,,,0.0,3.35,,,,,,2
4.38,,,,0.0,,,,,,0.0,,3.345,,,,,,,0.0,,,,,0.0,,,,,,,,,,1.0,,,,,0.0,,2
,,,,,0.0,0.0,,,,,-0.268,,,,8.0,0.974,,0.0,,,,,,,,,,,,,,,,,3.395,,0.0,,,,2
,3.0402,,,,,,,,,,,,,,,,,,,,,,,,,2.0,,,,,,,,2.0,,2.952,0.0,,,,2
,3.0152,0.0,,,,0.0,,,4.0,0.0,,,2.948,,4.0,,,0.0,,,,,,,,,,0.0,,,0.0,,,,,,,,,0.0,2
,,,,,0.0,0.0,,,,,,,,,,,1.144,0.0,0.0,0.0,1.146,,,0.0,,,,,,,,,,,,2.311,,,,,2
,3.9936,0.0,,,,,,,4.0,,,,,,,,,,,0.0,,,,0.0,,,,,,,,,,,3.486,,,,,,2
,,,0.0,,,,,,4.0,0.0,,,4.044,,8.0,,,0.0,,,,,,,,,,,,12.745,0.0,,,0.0,,,,,,,2
,,,,,,,,,,,,,,,,,,,0.0,,,,,,,,-0.028,,,,,,0.0,,,,,8.016,,,2
,,,0.0,,,,,,,0.0,,,,,,,,,,,1.203,,,,,,,,,3.769,,,,0.0,,,0.0,,,,2
,3.7043,,,,,0.0,,,,,,3.146,,,6.0,,,0.0,,,,,,,,,,,10.696,,,,,,,,,,,0.0,2
,,,,,,,,,2.0,,,,,,,,,,,,,,,,0.0,,,,11.181,,0.0,,0.0,,3.525,,0.0,,0.0,,2
,,,,,,,,,,0.0,,,,,,1.09,,,,,,,,,,2.0,-0.097,,,,,,,2.0,3.519,,,,0.0,,2
4.17,,,,,,,,,3.0,,,,0.971,,,,1.162,,,,1.018,,0.0,0.0,,,,,9.118,1.542,,,0.0,,,,,,,,2
,,,,,,0.0,32.0,,3.0,0.0,,3.256,,,5.0,,,,0.0,,,,0.0,,0.0,,,,,,0.0,,,,,,,,,0.0,2
,,,,,,,,,0.0,2.0,,2.559,0.971,,,,,,,,,,,,,,,0.0,,,0.0,,,,,,,7.564,,,2
,,,,,,,,0.0,,,,,,9.872,,,,,,,1.131,,,,,2.112,,,,,,,,,,,,9.315,,,2
,,,,,0.0,,27.3,,,0.0,,,,8.755,,,,,0.0,,,,,,,,,,,,,,,,,,,,0.0,,2
,,1.0,,,,,27.3,1.0,,,,3.72,,,4.0,,,,,,1.168,,,,,2.121,,0.0,,6.651,,,,,,,,,,,2
,,,0.0,,,,,,0.0,,,,,,0.0,,1.128,,,,,,,,,,-0.023,,,,0.0,,0.0,,,,,,,,2
,,,,,,,,,,,,,,,,,,,,,1.018,,,,,,,,,1.542,,,,1.0,,,,,0.0,,2
3.802,,,,,,0.0,,,,,,,,8.394,,0.98,,,,,,0.0,,,,,0.129,,,,,0.0,,1.0,,2.357,,,,,2
,,,,,,,,,2.0,,,,1.975,,,,1.15,0.0,,,,,,,,,,0.0,,,,0.0,,,3.112,,,7.316,0.0,,2
,,0.0,,,,0.0,,4.0,,0.0,,3.987,3.022,,,,,,,,,,,,0.0,,,,23.23,8.486,,,,,,,0.0,8.618,,,2
,,,0.0,0.0,0.0,,33.3,,,0.0,-1.035,,,,,,,0.0,,,,,0.0,,,,,,,2.612,0.0,0.0,,0.0,,,,,0.0,,2
4.562,,,,,,,,,,,,,,,0.0,,1.175,,,,,0.0,,,,,,,,1.521,,,,4.0,,,2.0,,0.0,,2
4.77,,0.0,0.0,,,,,,,,,,,,,0.966,,,,0.0,,,,,,,,0.0,,,0.0,,,,,,,,0.0,,2
,,0.0,,,,1.0,,,,,,3.073,,,,,1.129,,,,,,,,,,,,,,0.0,,,,,2.074,,,,,2
4.414,,,,,,,46.2,,,,,,0.802,,,,,,,,1.264,,0.0,,,,,,,0.975,0.0,,0.0,,3.566,,,,,0.0,2
,,,0.0,,,2.0,,,,,,,,,,1.022,,0.0,,,,,,0.0,,,,0.0,,,,,,2.0,,,,,,,2
,,,,0.0,,,,,,,,,,,,,,0.0,0.0,,,,,,,,,,,1.544,,2.0,,,,,,8.058,,0.0,2
,,,,,,,40.7,,,,,,,,,,,,,,1.248,,,,,2.305,,,,,,,0.0,,,2.192,,,0.0,0.0,2
,3.567,,,,,,,,,,,,,,,,,,,,,,,,,,0.015,,0.0,,,,,,,,,9.154,,,2
,,,,,,,43.5,,,,,,,9.947,,,,,,0.0,,,,,,,-0.007,,,1.951,,,,,3.671,,0.0,,,0.0,2
,,,,,,,,1.0,,,,,,,,,,,0.0,,1.22,,,0.0,,2.29,,,,1.945,,,,,,,,,,,2
,2.4524,,0.0,,,,,,,,,,,,,,,0.0,,,,,,,0.0,,,,,,0.0,,0.0,0.0,,,,9.007,,0.0,2
5.072,,,,,,,40.0,2.0,,,,,1.875,,,,,,0.0,0.0,,,0.0,,,,,,,2.707,0.0,0.0,0.0,0.0,,,,,2.0,,2
,,,0.0,0.0,0.0,,,1.0,,,,,,,,,,,,,,2.0,,0.0,0.0,,,,24.332,,,,,,,,,,,,2
,,0.0,,,,,,0.0,4.0,,-1.165,,2.123,,12.0,1.015,,0.0,,,,1.0,0.0,,0.0,,,,,,,,,,,,0.0,,,,2
,3.0864,0.0,,,,,,,4.0,,,3.571,,,,,1.121,0.0,0.0,,,1.0,,,,,,,,,,,0.0,,,,,,,0.0,2
,,0.0,0.0,,,,,,,0.0,,3.39,1.258,,4.0,,,,0.0,,,,,,,,,,,,0.0,,,,,,,,,,2
,,0.0,,,,,,,,0.0,,,,,,,,,0.0,0.0,1.249,3.0,,,,,,0.0,,1.027,,,,,,,,8.527,,,2
,,,,,,,,0.0,,,,,,,,,1.104,,0.0,,1.248,,,,,2.265,,,22.962,,,,,,,,,,0.0,,2
5.12,,,,,,,,3.0,,,-1.775,4.156,,,,1.004,,0.0,,,,,,,,,0.0,,36.905,,0.0,,,0.0,3.852,,,,,,2
4.732,,,,,,,,,,,,3.151,,9.642,,,,,0.0,,,,,,,,,0.0,10.201,,,,0.0,,,2.926,,,,0.0,2
,3.1187,,,,,2.0,,,,,,,,9.882,,,,,0.0,0.0,,1.0,,,0.0,2.236,,,,,,,,3.0,,,,,,,2
,,,,,,2.0,38.7,,,0.0,,3.59,,,,1.002,,,,,,1.0,,,,2.29,,,,,,,,,,,0.0,,,,2
,3.3133,0.0,0.0,0.0,,,,,,,,,1.185,,,1.04,1.117,,,,,,,,,,0.015,,10.262,,0.0,,,,,,,,,,2
,3.3935,,0.0,0.0,,,,1.0,,0.0,,,,,,,,,,0.0,,,,,,,,,,,,1.0,,,,,,,,,2
,,,,0.0,0.0,,40.0,,,,,,,,,1.016,1.125,,,,1.217,,0.0,,,2.282,0.0,,,,,,,,,,,8.635,,,2
,,,0.0,,,,,,,,0.0,,1.185,,,,,,,,1.246,,,,0.0,,,,,,,,,,,,,,,,2
,,,,,,,,0.0,,,,,0.802,,,0.985,,,,,,,,,,,-0.069,,,,,,,,3.344,2.31,0.0,,,,2
,,,,,,3.0,52.4,0.0,,,,,,,,,,,,,,,,,,2.359,0.001,,,1.762,,,,,,,,,,,2
,,,,,,,,,,,,3.359,0.943,10.07,,1.037,,,,,,3.0,,,,,0.004,,,,0.0,,,0.0,,2.591,,,0.0,,2
,,,,,,,,,1.0,,0.041,,,9.183,,,,0.0,,,,,,,,,,,,,0.0,,,1.0,,,,,,,2
,,,,1.0,,,,0.0,,,,3.539,,,,,1.108,0.0,,,,,,,,,0.001,,,,,,,,,,,,,0.0,2
,,,,,,0.0,,,,,,,,10.091,,,,,,,,,,,0.0,,,,,,0.0,,,,,,,8.121,,,2
,,0.0,,,,,,0.0,,,,,,,,0.992,,,,,,,,,,,0.041,,,1.017,,0.0,2.0,1.0,,,,,0.0,,2
,,,,,0.0,0.0,,,,,,,1.792,,8.0,,,,0.0,,,,,,,,,0.0,,,,0.0,,,,,,,,,2
4.977,,,,,0.0,0.0,,,,0.0,,,,,,,,0.0,,,,,,0.0,,2.361,0.0,,,,,,0.0,,3.497,2.267,,,0.0,,2
,,,,,,0.0,,,,,-0.462,,,,,1.042,,,,,1.083,,,,,,,,,,,,,,3.551,,,,0.0,,2
,,,,,,,,,,2.0,,,1.585,,0.0,,,,,,,,0.0,0.0,,,,0.0,,,,,,,,,,,,,2
,,,,,0.0,,,,,,,,,,,,1.145,,,,,,0.0,,0.0,,,,,,0.0,,,1.0,,,1.0,,,,2
,,,0.0,,,,,,,,,,,,,0.965,,,0.0,,,,,,0.0,1.987,,,,,,0.0,0.0,,,,,,0.0,,2
,2.7848,,,0.0,,,,,,0.0,0.0,,,,1.0,,,,,,,,,,0.0,,,,,,,,0.0,,,,,,,,2
,,0.0,,,,,,,1.0,,,,,9.949,,,1.14,,,,,,,,,,,,,,,0.0,,,,,,,,,2
,,,0.0,0.0,0.0,,,,,,,,1.906,9.059,,0.993,1.151,0.0,,,,,,,,,,,0.0,,0.0,,,,,,,,,,2
,,0.0,0.0,,,,,,,,,,,,1.0,0.985,1.134,0.0,,,,,,0.0,,2.0,,,,,,,0.0,,3.467,,0.0,,,,2
,,0.0,,0.0,,,,,2.0,,,,,,,,,,,,,,,,,,,,,,0.0,,0.0,,3.304,,,,,0.0,2
,,,,,,,32.8,,4.0,,,,,,,0.974,1.14,,,,1.193,,,,0.0,,,,,,,,,0.0,,,,,,,2
,,,,,0.0,,,,,0.0,,,3.181,10.485,10.0,,,,,,,,,0.0,,2.14,,,,8.016,,,0.0,,,2.154,,,0.0,,2
,,,,0.0,,,,,,,,,,,,,,,,,1.186,,,,,,0.0,,,10.97,,0.0,,0.0,,,,,,0.0,2
,,1.0,,0.0,0.0,,,,,,-1.68,,,9.533,,,,,0.0,,,0.0,,,,2.0,,,,,,,,,,,,,,,2
,,,0.0,,,,,,,,,,0.971,,1.0,,,,,,,,,,0.0,,,0.0,,1.542,,,,,,,,,,0.0,2
,4.0313,,,,,,,,,,,,,9.916,,,,,,0.0,,0.0,,,0.0,,0.004,0.0,10.961,,,,,0.0,3.527,,,8.131,,,2
,,,,,,,,,,,-0.193,,2.3,9.338,,,,,,,1.169,,,,,,,,,,,,1.0,,3.405,,,,0.0,0.0,2
,,,,0.0,,0.0,,,,,,,,,,,,,,,1.108,,,,,,,,19.107,,,,,,3.519,4.167,,,0.0,,2
,3.6148,,,0.0,0.0,,25.0,,,,-1.185,,,,2.0,,,,0.0,,,,,,,2.0,,,9.449,,0.0,0.0,0.0,,,,,,0.0,,2
,3.9139,,,,,0.0,,,,,,,,,5.0,,,0.0,,0.0,1.066,,,,,2.117,0.053,,,,0.0,,,,,,0.0,,0.0,,2
,,0.0,,,,,,,,,,,,9.345,4.0,,,,,,,0.0,0.0,,,,,,,,,,,,,,,7.864,,,2
4.385,3.9908,0.0,,,,,32.4,,,,-1.569,,,,,,,,,,,,0.0,0.0,0.0,,,,,,,,0.0,,,,,,,,2
,,,,,,,23.1,,,8.0,,,,,,,,,,0.0,,0.0,,,,2.194,,,20.829,,,,,,,,,,0.0,,2
4.303,,,,,,0.0,,,,,,3.027,,,,,,,,,,,,,0.0,,0.042,,,,,0.0,,,3.349,,,,,,2
,,1.0,,,,,,,,,0.0,,1.125,,,,,,,,1.323,,,,,,,,,,,,,,,,,8.337,0.0,,2
,2.6738,,0.0,2.0,,,41.7,,,,,,1.911,,,,1.125,0.0,0.0,,1.256,1.0,,,,,,0.0,,,,,,,,,,,,0.0,2
,,,,,,,,,,,,3.547,,10.164,,,,,,,,,,,,,,,,,,,,,3.659,,,8.548,,0.0,2
,,0.0,,,,,,,,,0.008,3.298,1.705,,1.0,,,,,,,,,,0.0,,,,,,,0.0,,,,,,,0.0,,2
,1.8048,,0.0,,,2.0,,,,,,,,10.213,2.0,,,,,,,,0.0,,,,,,0.0,8.143,,,,,,,,,,,2
,,,,,0.0,,,,,,,,,9.54,,,,0.0,,,,,,,0.0,,,,,,,2.0,,2.0,,,,,0.0,,2
4.77,,,,,,,,,1.0,0.0,0.125,3.217,1.185,,,,,,0.0,,,1.0,,,,,,0.0,,,0.0,,,,3.695,,,,,,2
,,,,,,,,,,,,,,,,,,,,,,,,,,,,,24.843,,,0.0,,,3.794,2.144,,,,0.0,2
,,,,,,,44.4,,,,,,,10.136,,,,,0.0,,,,0.0,0.0,,,,,,2.011,,0.0,0.0,2.0,,,,,0.0,,2
,2.3785,0.0,,,,,50.0,,,,,,,10.35,,1.015,,0.0,0.0,,,,0.0,0.0,0.0,2.286,0.0,,,3.405,,,,,,,,8.765,,0.0,2
,,0.0,,,,,,,,0.0,,,,,,,,,,,,,,,,,0.012,,,,,,,,,1.75,,7.981,,,2
,,,,,,0.0,,0.0,,4.0,,,0.0,,,,,,,,,,0.0,,,,,0.0,,,,0.0,,,,,,7.764,,,2
,1.7575,,0.0,,,,,,3.0,,0.0,,0.0,,,,,0.0,0.0,,,,,,0.0,2.236,,0.0,,3.604,,,,0.0,,,,,,,2
,,0.0,0.0,,,,,,,,,3.233,,,,,1.116,,,,,,,,,,0.014,,,1.695,0.0,,,,3.67,,,,,,2
4.863,,,,,,,,,,,,,,,,,,,,,,,,0.0,,,0.001,,,,0.0,,,,,,0.0,,,,2
,2.7716,0.0,,,,,,,,,,,,,,,1.139,,,,,1.0,0.0,,,,,,,0.964,,,,,,,,7.487,0.0,,2
,,,,,,0.0,38.5,1.0,,,,,,,,,,,,,,,0.0,,0.0,,,,,,,,,,,,,,,,2
4.303,,0.0,,,,,,,,,-0.046,2.709,,,,1.025,,0.0,0.0,0.0,,,,,0.0,,0.137,,10.021,,,,,,,2.778,,,,,2
,2.757,,,,,,,,,,,,,,,,,,,,,,,,0.0,2.288,,,21.128,,,0.0,,,,,0.0,,,0.0,2
4.414,,,,,,,,,,,,,,,,,,0.0,0.0,,,,,,,,,0.0,,1.101,,,,,3.512,,,,,,2
,,,,,,0.0,,,,,,,,,,,1.127,,,,,1.0,,,,,0.005,,,,,,,,,,,,,,2
,,,,,0.0,,,,,,-0.968,,,,,,1.175,,,,1.032,,,,0.0,,,,,,,0.0,,,,,1.0,,,,2
,,0.0,,,,,,,,,-0.657,2.915,0.917,,3.0,,1.166,,0.0,0.0,,,,,,,,,,,,,,,,,2.0,,0.0,,2
,,,,,0.0,,,2.0,3.0,,,,,,,,,,,0.0,,,,,,,,,,,,,,,,3.014,,,,,2
,3.6465,0.0,0.0,2.0,,0.0,25.0,,,,,,,,,,,0.0,,,,,,0.0,,,,,,2.989,0.0,,,,,,,,0.0,,2
,2.4441,,,,,,33.3,,,,0.0,,,,,0.997,1.132,,,,,,0.0,,,1.618,-0.575,,,,,,0.0,0.0,,,,,,1.0,2
,,,0.0,,,0.0,,,,,,,,,,1.037,,0.0,,,,,,,,,,,,,,,0.0,,3.102,,0.0,6.978,0.0,,2
,3.0468,,,,,,,,,,,,,,,1.039,,0.0,,0.0,,,,,,,,,0.0,,,0.0,,,,,,,0.0,,2
,,,,0.0,,,,,,,,,,8.755,,0.991,,,0.0,0.0,,0.0,,,0.0,,,,,,,,,,,,1.0,,,,2
,,,,,,,20.0,1.0,,0.0,,,,,,,,,,,1.024,,,,,,,,,,,,,,2.938,,,,,,2
,,,,,,,,,,,,2.39,1.0,,,,,0.0,,,,,,,,,-0.723,,,,,,,0.0,3.218,,0.0,,,,2
,,,,,,,,,,,,,,,,,1.141,,,0.0,,,,,,2.0,,,,,,0.0,0.0,1.0,,,,,,0.0,2
,,,,,,,,2.0,,,,3.997,3.524,,5.0,,,,,,,,,,0.0,,,,,9.6,,0.0,,2.0,3.384,,,8.492,,0.0,2
4.0,,,,,,,,,,,,,,,,1.022,1.171,,,,,,,0.0,0.0,,,0.0,,,,,,,,,,,,0.0,2
,,,,0.0,,0.0,29.2,,,,,,,,,,1.147,,,,,,,,,,,0.0,,3.412,,,,,3.355,,,7.811,,,2
,3.2243,0.0,,,,0.0,33.3,,,,,,3.554,,,,,0.0,,,,0.0,,,,2.051,,,,,,,,0.0,,,0.0,,,,2
,3.5122,,,,,,,,,,-0.981,,,,2.0,1.047,,0.0,,,,,,,0.0,,0.444,,,,,,,,,,,,0.0,,2
,,,,,,,,,,,-0.33,,,,,,,,,0.0,,,,0.0,,,,0.0,,,0.0,,0.0,,,,,,,,2
,,,,,,,,,,,,3.09,,,6.0,,,,,,,,,0.0,0.0,2.084,,,,,,,,,,,,,,,2
4.645,3.6462,,0.0,,,0.0,,,,,-0.987,,,,,,,0.0,,0.0,,,,0.0,,,,,10.217,,,,,,,,4.0,,,,2
,,,,,,,,3.0,,0.0,-0.966,,,,,,,,,,,,0.0,,,,,,,,,,0.0,,,,,9.841,,0.0,2
3.902,,,,,,,,,0.0,,,,,,,0.969,1.141,0.0,,,1.233,,,,,,,,,,0.0,,,,,,,,,,2
,,,,,,0.0,,1.0,,,,,,6.594,,,,0.0,0.0,,,,,,,,,,,,0.0,,,,,,1.0,,,,2
,,,,,,,,,,,-0.449,,1.906,9.059,3.0,,,,,,1.205,,,0.0,0.0,,,0.0,,2.524,,,1.0,,,,,7.868,,,2
,,,,,,,,3.0,,,,,,,,,,,,,,0.0,,,,,,,0.0,,,,,,,,,9.326,,0.0,2
,,,0.0,,,1.0,,,,,-0.036,,,,,,,0.0,,,,,,0.0,,,,,,,,,,,3.599,,,,,,2
,2.8728,0.0,0.0,2.0,,,,,,,,,1.125,9.311,,,,0.0,,0.0,,1.0,,,,,0.043,,,,,0.0,,,,2.146,,,,,2
,3.2643,,,,,,,0.0,,0.0,,,,,,,,,,,,,0.0,,,,,,,,,2.0,,2.0,,,,8.003,,0.0,2
,,,,,,,,,,0.0,,3.086,,,,,,,,,,1.0,,0.0,,,,,,,0.0,,,0.0,,,,,,,2
4.607,,0.0,,,0.0,,,,,2.0,0.0,,1.187,9.631,,,,,,,,,,,0.0,,-0.025,,,,,,,,,2.315,,,0.0,,2
,,,0.0,,0.0,,,0.0,,,,3.027,,9.311,,,,,0.0,,,1.0,,,0.0,,,,,,,,,,,,,,,,2
,,,,,,,47.1,,,,,,,,2.0,,,,,0.0,,,,,0.0,,,,,,,,0.0,,,,,,,,2
,2.9677,,,,,2.0,,,,,,,,,,,,,,,,,0.0,,,,,,,,,,,,,,,,,,2
,,0.0,0.0,0.0,,,,,,,,,,10.794,,,,,,,,,,,,,,,,5.828,,,,,3.795,,,8.941,2.0,,2
4.842,,,0.0,,,2.0,,,,,,,1.258,,,,1.127,,1.0,0.0,,,,,,,0.005,0.0,,,,,,,3.849,,1.0,,,,2
,,0.0,,,,,,,,,,,,,,,1.127,,,,,,,,,,,,,,0.0,,,,,,,8.537,,,2
,3.0645,0.0,,,,1.0,53.8,,,2.0,0.0,,,,,,,,,,,1.0,,,0.0,,0.046,,,1.481,,,1.0,,,,,,,,2
,,,,,,,,,,,,,,9.183,,,,,0.0,,,,0.0,,,,,0.0,,,,,,,3.143,,1.0,,,,2
,,0.0,0.0,,,,,2.0,2.0,,,3.533,,,3.0,0.983,,0.0,,,,,,0.0,,2.236,,0.0,10.55,,1.0,,0.0,,,2.283,,,0.0,,2
,,,,,,,,,1.0,,,,1.461,,,,,,,,,,,0.0,,,0.014,0.0,,,0.0,1.0,0.0,,3.661,,0.0,8.14,,0.0,2
,,,,,,,,,,0.0,,,,,,,,,,0.0,,,,0.0,,,,,,,,,0.0,,,1.944,,,,,2
,,,0.0,0.0,,,30.0,,,0.0,-0.546,,,,2.0,,1.146,,0.0,,,1.0,,,,,,0.0,9.799,,0.0,0.0,0.0,,,,,,,,2
4.414,,,0.0,,,,,,,,,,,9.183,,,,,,0.0,,,,,,,,,,0.975,,,,,,,,,,,2
,,,0.0,,,0.0,29.4,,0.0,,,,,,0.0,,,,0.0,,,,0.0,,,,,,,,0.0,0.0,,,,1.667,,6.823,0.0,,2
4.918,,0.0,2.0,6.0,,,,,,10.0,,,,10.266,4.0,,,,0.0,,,,,,,,,,,,,0.0,4.0,0.0,,,,,,,2
,,0.0,,,,0.0,,,,,0.0,,,,,1.044,,0.0,,,,,,,,,,,0.0,,,,0.0,,3.397,,0.0,,0.0,0.0,2
,3.2291,,0.0,,,,,,2.0,,0.022,4.136,,,,,,,,,,,,,,,,,,,,,0.0,,,,,8.51,,,2
,,0.0,,,,,,,0.0,,,,,,0.0,,,,,,,,,,,,,,,,0.0,0.0,,,,1.567,0.0,,,,2
,,,0.0,,,,,,,,,,,8.584,,,,,,,,,,0.0,,1.879,,0.0,0.0,,,,,,,,,,,,2
,,0.0,,,,,22.2,,,,,,,,0.0,1.01,,,0.0,,,0.0,,,,,0.141,,,,,,,,,,,,,,2
,,,,,,0.0,,2.0,,0.0,-0.214,4.632,,,,,,,,,,,,,,,,,,,0.0,,,0.0,,,,,,,2
,,,,0.0,,,33.3,,,,,,,,3.0,,,0.0,,,,,,0.0,,,,,,,0.0,0.0,,,,,,,,,2
,,,,,,0.0,,,,,,,,9.489,,,,,,,1.195,,,,,,,,,,,,,0.0,,,,,0.0,,2
,3.2075,,,,,,,,,,,,0.917,,4.0,1.096,,,0.0,,,,,,,,-0.091,,,,0.0,,,0.0,,3.548,,,,,2
4.17,,,0.0,,,,,2.0,0.0,,,,,,,,,,,,,,,,,1.848,0.368,,,,,,,,3.33,2.767,,,,,2
,,,,,,,50.0,,,,,,,,,0.971,,,,,,,,,,2.0,,,,,,,,,3.452,,,,,,2
,,0.0,,,,,,0.0,,,,,,,,,,,,,,,0.0,,0.0,2.136,0.045,0.0,,,,,,0.0,3.573,,,,,,2
4.783,,,,2.0,,,,,,,,,,,,0.998,,,0.0,,,,,0.0,,,,,,,,,2.0,2.0,,,,,0.0,,2
,2.3715,,,,,,,0.0,,,-0.128,,,,,,,,,0.0,,,0.0,,,2.499,,,,1.262,0.0,0.0,,0.0,,,,,0.0,,2
,,0.0,,,,,,,,0.0,,,,10.735,,,,0.0,,,1.166,,,0.0,,,,0.0,11.747,,,0.0,,3.0,3.497,,,8.778,,,2
,1.9472,,,,,0.0,,,,,-0.338,,3.706,,,,,,0.0,,1.153,1.0,0.0,,,,0.0,,,9.639,,,,,,,,,,,2
,3.1934,3.0,0.0,,,,,,,,,3.642,,,,1.034,1.1,,,,,,,1.0,0.0,,,,,1.476,0.0,,,,,,,,,3.0,1
,,0.0,0.0,,,,,,0.0,,0.0,3.526,,10.054,0.0,,,,,,,,0.0,,,2.194,,0.0,,,0.0,,,,,,,,0.0,0.0,1
,,,,,,0.0,,,,,,,,,,,1.12,,,,,3.0,0.0,,0.0,,,,,,,,,,,2.773,,8.297,,0.0,1
,7.7233,0.0,,0.0,,,31.6,,,,-4.617,,,12.353,,,,,,1.0,,,,,0.0,,0.0,,,,,,,,3.993,,,,,,1
,,,,,,,31.8,1.0,,,,,,,,1.292,,0.0,,,,,,,,2.7,,,,,,,,1.0,,,,,,27.0,1
,,,0.0,,,,,,,,,,,,,1.133,,,0.0,0.0,1.408,,,,,2.414,,0.0,,,,6.0,0.0,,,2.889,,,,,1
,,,0.0,0.0,,,,,,0.0,,,,,,,,,0.0,0.0,,,,0.0,,,,,,,,,0.0,,,,,,,,1
4.0,,,0.0,0.0,,0.0,,,,,,,0.0,,,,1.125,,,,,,,,0.0,,,0.0,,,0.0,,,,,,0.0,,,,1
5.511,,,,,4.0,0.0,,,,,,3.844,,,,,,,,,,,0.0,,,,,,,,1.0,,0.0,,,,0.0,,0.0,,1
,1.9414,,0.0,0.0,0.0,4.0,,,,,,4.75,,,,,,,,,1.455,,0.0,,0.0,,,0.0,,,0.0,,,,,,,,,,1
,,,,,2.0,,,,,10.0,,,,,,,,,1.0,0.0,,,,,,,0.0,0.0,,4.053,,,8.0,,3.91,,3.0,,,,1
,,,,,,,,9.0,,,,3.705,,,,,1.13,,,,,,,,,2.449,,0.0,0.0,,,,0.0,,,,0.0,8.693,,,1
4.88,,,,,,,,,,,,,0.673,,,,,,,,,,,,,,,1.0,,2.38,0.0,,,,6.881,2.012,,12.284,,,1
,2.7485,,,0.0,,,,,,,,,,11.72,,,,,,,,2.0,,,,2.494,,0.0,,3.879,,,,,,,,,0.0,0.0,1
5.87,,,,,,,,,1.0,,,4.278,,11.16,,1.039,,,,,,,,1.0,,,,0.0,,,,,,,,,,,0.0,,1
5.998,,,,,,,,0.0,,,0.642,,,11.637,3.0,,,0.0,,,1.332,,,1.0,,,,,,,,0.0,,,4.405,,,,,6.0,1
5.997,,,0.0,0.0,,,,0.0,,,,,,,,,,,0.0,0.0,1.378,,,,,,0.0,,,,,,0.0,,,,,,0.0,,1
,2.3808,,,,3.0,,41.7,,0.0,,,,,,0.0,,,,,0.0,1.373,,,,,,,,,,4.0,,0.0,,4.407,2.6,0.0,,,,1
,,0.0,,0.0,,,,,,,0.0,3.914,,,,,,,,,,,0.0,0.0,,,,,0.0,,,,,,,,,,,,1
,,2.0,,,,,,,0.0,,,,0.0,,,,,,,,,5.0,,,,2.418,,,,,0.0,,,,,,2.0,,,,1
5.292,,8.0,,,,,,,,,,4.256,,10.8,,,1.127,,,,,,,,,,,,,,,0.0,,,,,,9.84,,,1
,,,,0.0,0.0,,50.0,,,,,,,,,1.052,,0.0,0.0,,,,,1.0,,,,,,0.95,,3.0,,0.0,4.139,,0.0,,,,1
,,4.0,,,,4.0,,,,0.0,,,,,,,,,,,,,,,,,,,,,,,,,,,,,,,1
,,,,,,,50.0,0.0,,0.0,,,,,,1.079,,,,0.0,,,,1.0,,,0.014,,,,,,,,4.174,2.711,,,0.0,,1
,,,,0.0,,,,,,0.0,,,0.832,,,,1.08,,,,,,,,,2.365,,,,,,5.0,,,,,,,,,1
,,,,1.0,,,48.0,,,,0.0,,,,8.0,,1.105,,,0.0,,,,,,,,,,,,,,,,,,,,3.0,1
5.149,,,,,,,,,,,,,,,,,1.125,,,,,3.0,,,,2.411,,,0.0,,,,,1.0,,1.825,,,,,1
4.675,,,,,,,,0.0,0.0,,0.0,,,,0.0,,,,,,1.336,,,0.0,,,,,,,,,0.0,,,,0.0,8.453,,,1
,,,0.0,,,,,0.0,0.0,,0.0,,,,,,,,0.0,,,,,,,,,,,,,,,,,,,,,4.0,1
,2.1704,,,,,,53.3,0.0,,,,,,10.481,,,,,0.0,,,4.0,,,1.0,,0.0,,0.0,2.901,,,4.0,,,,,,,,1
4.461,,,,,,,25.7,,,,,3.242,,9.797,,,,,,0.0,1.182,,,,,,,,,,,,4.0,,3.216,,,7.767,,0.0,1
4.0,2.7345,,,,,,16.7,,,,,,,,,,,,,,,0.0,0.0,,,1.732,,,,1.0,,,,,3.02,,,,,,1
,,,0.0,,,,,,4.0,,,,,,,,,,,,1.154,0.0,,,,,,,,,,,,,,,,11.599,,1.0,1
,,,,,,,,,,0.0,0.0,1.926,,,,,,,0.0,,,,,,,1.414,,,,,0.0,,,0.0,2.731,2.5,,6.033,,,1
,3.4168,,,,,0.0,,,,,,2.72,,,,,,,,0.0,,,,,,,,0.0,,,0.0,0.0,,,,,,,,,1
3.879,3.1116,,,,,,26.1,,,,,,,,,,,0.0,,0.0,,0.0,,,,1.902,,,,,,,,,,,,7.323,,0.0,1
,,,,,,,,0.0,0.0,,,2.78,,,0.0,0.98,,0.0,,,,,,,,,,,,,,0.0,,,,1.917,,,,,1
4.732,,,,,0.0,,,,,,,,,,,,,,0.0,,,,,,,,,,,,,0.0,,,3.426,2.278,,,,,1
,,,0.0,,,,,1.0,,,,,,,,,,,,,,,,,0.0,,,,,,,0.0,,,,3.257,,14.218,0.0,,1
5.248,,,,,2.0,,,,,,,3.388,,,,,,,,,,0.0,,,,,-0.008,,,,,0.0,10.0,0.0,,2.792,,,,,1
,,,,,0.0,,28.6,0.0,0.0,,,,,,0.0,,,,0.0,0.0,,,,,,,,0.0,,,0.0,,,,3.844,,,8.128,,,1
,,0.0,,,,,11.1,,,,,1.922,,,,,,,,,1.033,0.0,0.0,0.0,,1.414,0.852,,,,,,,3.0,,,2.0,,,,1
,,,,,,,,,,,,,,9.714,,,,0.0,,0.0,,1.0,,,,,,,,,0.0,,,,3.729,,,,,,1
,,,,,,6.0,,,,0.0,,,0.789,,8.0,,,0.0,,,,,,1.0,,,,,,,,,0.0,,,,,,2.0,,1
,,,,0.0,,,,1.0,0.0,0.0,0.0,,,,0.0,,,0.0,0.0,,,,,,,2.222,,,,,,,0.0,,,,,,,,1
,,,,,,,,,,,,3.087,,,0.0,,,,,,,,,,,,,,,0.95,,,,,,,,,,0.0,1
,,,0.0,,0.0,,,,,4.0,,,,,,,,0.0,,,,,,,,,,0.0,,,,,,,,,,7.973,,,1
4.596,,,0.0,,,2.0,41.2,,,,,,,,,,1.127,,,,,,,,0.0,,,,,,,,,,,2.167,,,,,1
,,,,1.0,,,,,,2.0,,,,9.54,,,,,,,,,0.0,,,2.17,0.045,,0.0,,,,,,,2.431,,,,1.0,1
,,0.0,,,,,,,,3.0,,3.356,,,4.0,,,,,,1.26,1.0,0.0,,,,-0.008,,,1.572,,,2.0,,,,,8.586,,,1
,,,,1.0,,,,,,,,,,,,,,,,,,,,1.0,,,,0.0,,,,,,,,2.995,,,0.0,,1
,,,,3.0,0.0,,,,,,,,,,0.0,,,,,,,,,,,2.327,,0.0,,,0.0,,3.0,,,,,,0.0,,1
,,,,,,,,,,0.0,,,1.16,,2.0,,,0.0,,0.0,,1.0,,,,,-0.007,,,,,,0.0,1.0,,,,,,0.0,1
,,,,,,,42.1,,,,,,0.881,,,0.987,1.12,0.0,0.0,,1.275,,,,,2.246,,,,,0.0,,,1.0,3.711,2.333,,,,,1
,,,,,,2.0,,,,,,,,,2.0,,,,,,,1.0,,,,,,,,1.487,0.0,,,,,,1.0,,,,1
,,,,,0.0,,,,,,,,,10.099,,,,,1.0,,1.237,1.0,,,,2.305,,,,1.553,0.0,,2.0,,,,,,,,1
,,0.0,0.0,,,,,2.0,2.0,,,3.287,,,,,,0.0,,,,1.0,,,,2.315,,,,,0.0,0.0,,,,,,8.196,,,1
,,,0.0,,,,,,,,0.0,,,9.668,,,1.098,0.0,,,1.363,,0.0,1.0,,2.222,-0.026,,,,,,,,,,,,,,1
4.0,,,,0.0,,,,,,,,,,,,0.965,,,,,,,0.0,,,2.0,,,,,0.0,0.0,,0.0,,,0.0,,0.0,,1
,,,,,,,,,,4.0,,,,,,,1.154,0.0,,,,,0.0,0.0,,,0.012,,,,,,2.0,,,1.967,2.0,,,,1
,,0.0,,0.0,,,,0.0,,,,,,9.902,,0.993,,,0.0,,,,,,,,0.013,,0.0,,,0.0,,,,,,,,,1
5.509,,3.0,0.0,,,,,,,,,,,,,,,,,,,,0.0,,,,,,,,,,0.0,,,2.15,,,,,1
,,,,,,,,,,,,,1.125,,,,1.121,,,,,,,,,2.441,0.0,,42.927,1.832,0.0,,,,,,,,,,1
,,0.0,,,,,55.6,,,0.0,,3.46,,,,1.017,,,,,,,,,,,,,,,,0.0,,0.0,,,0.0,8.577,,,1
,,0.0,0.0,,,,,,2.0,,,,,,6.0,,,,0.0,,,,0.0,0.0,,,,0.0,,5.207,,,,,,,,,,,1
,,,,,,0.0,33.3,1.0,,0.0,,,,,,0.998,,0.0,,,,,,,,2.115,,,,,,,,,,,,,,0.0,1
,3.1284,,,0.0,,,,,,,,3.013,,,,,,,,0.0,,,0.0,,,,,,,,0.0,,,,,2.208,,7.967,0.0,,1
5.361,,,,,1.0,,,2.0,4.0,,0.0,,,10.691,,1.003,,,,,1.132,,,,0.0,,0.0,,,,0.0,0.0,,,,,,8.325,,,1
,,,,,0.0,,58.3,,,,,,,,,,,,,,,,0.0,0.0,,,,,,,0.0,,,0.0,,,,,,,1
,2.3906,,,,,,,,1.0,0.0,,,,,,,,,,,,,,,,,,,,1.481,,,,,,,,,,,1
,,,,,,,,,0.0,0.0,,2.994,,,,,,,,,,,,,,,,,,,,,6.0,,,,3.0,,0.0,,1
,,,,,,,40.0,,,,,,,,,,1.129,,,,1.216,,,,,,,,,,2.0,0.0,,,,,,,,,1
,3.4161,,,0.0,,,45.5,,,,,,,,,,,,,,,,0.0,,,2.175,,0.0,,1.069,,,2.0,,3.992,,,,,,1
4.651,,,,,,,,,,,,,0.906,,,,,0.0,,0.0,1.331,,,,,,,0.0,,,,,,,,,,,,,1
,,1.0,,,,,,0.0,1.0,,0.014,3.395,,,2.0,,,0.0,,,,,,0.0,0.0,2.376,,,,,,1.0,,,,2.433,,,,,1
,,2.0,,,,,25.0,,,,,2.889,,,,,,,0.0,,,,,0.0,,,,,,1.707,,,,,,,,,,,1
4.923,,,,0.0,,,,,0.0,,,3.164,,,0.0,,,,,0.0,,,,0.0,,,,,,,,,0.0,,,1.867,,,0.0,,1
,,,0.0,,,,,,,,,3.492,1.16,10.388,,,,,,,,,,,,,,,,,,,,,,,2.0,,,,1
,,,0.0,,0.0,,,,,,,,0.703,10.481,,,,,,,,,,,,2.363,,,11.937,,,,,,,2.708,,,,,1
,,,,,,,,,2.0,,0.0,,,,,0.998,,,,,,,0.0,,,,,,,2.863,,,,,,2.411,,8.658,,,1
,,,,0.0,,,,,,0.0,,,,10.01,,0.96,,,,,1.246,,,,,,,,,,,,,0.0,,1.76,,,,,1
5.0,,,,,,,20.0,1.0,0.0,,0.0,,,,,,,,,,1.407,0.0,0.0,,,,,,,,,,0.0,,,3.539,,,,,1
,,,,,,,,,,,,,,,0.0,1.199,,,,,,,,0.0,,,-0.086,0.0,0.0,,,,,,,,,,,6.0,1
,,,,,,0.0,25.0,,,,,,,,0.0,1.27,,,,,1.138,,1.0,,0.0,,,,0.0,1.411,,,,0.0,,,0.0,,,,1
,,,0.0,,,,,4.0,,2.0,,,,9.454,,,,,0.0,0.0,,0.0,,,,,,,,,,,,,3.177,1.796,1.0,,0.0,,1
,,,,,,,,,,,-2.076,,,,,1.088,,,,,,,,,,,,,19.316,,,0.0,,,,,,8.058,0.0,,1
,4.1851,,,,0.0,,24.1,,2.0,,,,,,,,,,,,,,,,,2.175,,,,,,0.0,,,3.856,2.81,,,,,1
5.262,,,,,,0.0,,,,,,,,,,,,0.0,,,,,,0.0,,,,,12.646,4.518,,,,,,,,9.274,0.0,,1
,,,,,0.0,,,,,,,,,,,,1.134,,,,,,,,,,,,,,0.0,,,0.0,,,0.0,14.005,,,1
4.732,2.9815,,,0.0,,,47.4,,0.0,,,,,,,0.969,,,0.0,0.0,,1.0,,,,,,0.0,0.0,1.659,,,,,,,,8.078,0.0,,1
4.912,,,0.0,,,,,,0.0,,,,,9.863,,,,0.0,,,,,,0.0,,2.264,,,0.0,,,,,,,,0.0,,,,1
4.828,,,,0.0,0.0,,,1.0,,,,,,,,0.968,,,,,,,,,,,0.013,0.0,,,0.0,,,,,,,,0.0,0.0,1
,,,,,,2.0,,,,0.0,,,,,,,,,,,1.279,,0.0,,,,,,0.0,,,0.0,,,3.623,,,8.015,,,1
,,,,,0.0,,,,0.0,,,,1.261,,,0.966,,0.0,0.0,,1.283,,0.0,,,,,,,,,,,0.0,3.627,,,,,,1
,,,0.0,,,,,,0.0,0.0,,,,,0.0,,1.104,,,,,,,,0.0,,,,,,,,,0.0,,2.133,,,0.0,0.0,1
,,,,0.0,0.0,,,,0.0,,,,,9.642,,0.985,1.094,,,0.0,,,,,,,,1.0,,,,,,,,2.12,,,,,1
,2.8827,,,,,1.0,50.0,,,,,,,,0.0,,,,,,,,,,,,-0.024,,,,,0.0,0.0,,,2.046,,,,1.0,1
,3.2349,,,,0.0,,,0.0,,,,,,,0.0,1.025,,,,0.0,1.377,1.0,0.0,,,2.175,,,,,,,,,,2.444,,,,,1
,,2.0,,0.0,,,,,0.0,0.0,,,,,,,,,0.0,,,,,1.0,,,,,,,,,,,,,,,,,1
,,,,,0.0,,,,,0.0,,,,9.579,,,,,,,,1.0,,,,,,,,,,,,,,,,,0.0,,1
,,,,,,,,,,,,,,,,,,,,,,,,,,,,,0.0,,,,,,,,,,,,1
,,,,0.0,0.0,,46.7,1.0,,,,3.444,0.881,9.833,0.0,,,,,,1.366,,,,0.0,,-0.025,,,,,,,0.0,4.005,,,,0.0,2.0,1
,,2.0,,0.0,,3.0,46.7,1.0,,,,,,9.863,,1.012,,,0.0,,,,0.0,1.0,,,,,,0.95,,,,0.0,4.025,,,,0.0,,1
,,,,2.0,,,,,0.0,,,,1.187,9.631,0.0,,,,,,1.275,,,,,,-0.024,,,,,,,,,,,8.001,0.0,,1
4.675,2.2988,,,2.0,,,,,,4.0,0.0,,,,,,,,,,,,,,,,0.001,0.0,,,,,,,,,,,,,1
,,,0.0,,,,,0.0,0.0,2.0,,,0.881,,,1.029,,,,0.0,,1.0,,1.0,,2.246,,,,,,,,,,2.58,,,,,1
4.807,3.3499,2.0,,,,,,,,,,,,,,,1.117,,,0.0,1.334,,,,0.0,,,,,,,,,,,,,,,,1
,,,,,,,,,,,,,,10.185,,,,,0.0,,1.285,,,,0.0,,,,,3.626,,,,2.0,3.712,,3.0,8.678,,,1
,3.5484,,,,,2.0,37.5,,,4.0,0.0,,,9.911,,1.039,,,,0.0,,,0.0,,,,,,,,,,,,,,,8.508,,,1
,3.6277,,,,,3.0,,0.0,,,,,,,,,,,,,,,,1.0,,2.305,-0.008,0.0,,,,,,2.0,,,,,,,1
5.103,,,0.0,,,4.0,33.3,,,,,,,10.456,8.0,,,,,0.0,,,0.0,,,,,,,,,4.0,,,,,,,0.0,,1
,,,,,,,,,,,,3.445,,,,,1.121,,1.0,,1.273,,,,,2.267,,,,,0.0,2.0,,,,,,,0.0,,1
,,,,,,,,,,,,,1.258,,,,1.141,0.0,2.0,,,,0.0,,,2.323,,,,,0.0,,4.0,,3.946,3.611,2.0,8.854,,,1
,,0.0,,,,,,,4.0,,,3.576,1.23,10.309,,,,,2.0,,1.216,1.0,,,,,,,,,,,4.0,,3.962,,,,,,1
,3.7359,0.0,,,0.0,,,,,,0.0,,,,,1.067,,,2.0,0.0,1.216,,0.0,,,,,,,,,2.0,,,,,,,,,1
,,,,,0.0,,,,,,,,,,,,1.124,,,,1.278,,,,,,,0.0,,,0.0,2.0,,,,3.01,1.0,,,,1
,,,,,,,,,,,,,1.197,10.666,,1.133,1.184,,,,,1.0,,1.0,,,,0.0,,,,,,0.0,,,,9.077,,,1
5.006,,,,2.0,,,,0.0,,,,,,,,,,,2.0,,,,0.0,,0.0,,,,,,,,,,4.032,,,,,,1
,,2.0,,,,,42.9,,,,,,,,,,,,,,,1.0,,,,,,,,,,,,,,3.202,,,,,1
,,2.0,,,0.0,,,,,,,,1.16,,,,,,,,,1.0,,,,,,,20.422,,,,,,,,,,,,1
5.098,,,0.0,,,2.0,,,,,0.011,,0.875,,0.0,0.99,,,,,,,,0.0,,,,,,,,,,,3.746,,,,,,1
,,,,,,,45.0,,,,,3.217,,,,,,,,,,,,,,,0.014,0.0,,,,,,,,,,,0.0,,1
,,,,,,,,,1.0,,,,,,3.0,,,0.0,,,1.253,,,,0.0,2.282,,0.0,,,,,,1.0,,,,8.152,,,1
4.805,,0.0,,,,,,,,,,,1.455,,,0.981,,,,0.0,,,0.0,,,2.251,,0.0,0.0,,0.0,,,,,,,8.148,,0.0,1
,2.9274,,0.0,,2.0,,,5.0,1.0,,,,,10.843,2.0,0.974,1.129,,,,,,,,,2.378,,,,,,,,,,,,,,,1
,,,,,0.0,,,,1.0,,,,,,,,,,,,,,,0.0,,,,,0.0,6.687,,,,,,,,,,0.0,1
,,,,,,,,,,,,,1.494,,,,,,0.0,,,,0.0,,,,0.0,,,2.399,,1.0,,,3.798,2.029,,,,,1
,,,,,,,37.8,6.0,,,0.0,,,,,,,,0.0,,,,,,,,,,0.0,2.084,,,,,3.799,,,,,0.0,1
,3.2259,0.0,0.0,0.0,,,,,,0.0,0.0,,,,,,,,,,,,,,,2.358,-0.002,,,,,,,,,,,8.348,,,1
5.375,,,,,,,,,,0.0,,3.351,,10.524,,0.978,,,,0.0,,1.0,0.0,,,,,,,1.671,,,,,,,,8.354,0.0,,1
,,,,,,3.0,,,,,0.0,,,,,,,0.0,,,,,0.0,0.0,,,,,0.0,,,,,,,,0.0,,,,1
,3.563,,,,,4.0,37.2,,,,,3.664,,,,,,0.0,,,1.253,,0.0,,,2.463,0.0,0.0,0.0,,,1.0,,,,2.039,0.0,,,,1
5.489,,0.0,,,,,36.6,,,,0.0,,,,,,,,0.0,,,,,,,,,,,,0.0,1.0,,,,,0.0,,0.0,,1
,2.1739,,,,,,50.0,,,,,,,,,,,,,,1.304,2.0,0.0,,,,-0.001,,,,,,,,,2.179,,,0.0,,1
,,,,,,2.0,,,,,0.0,,,,,0.988,1.126,,0.0,0.0,1.215,2.0,0.0,0.0,,,0.0,,,,,,,,,,0.0,,,,1
4.845,,,,,,,36.8,2.0,,,,,,,,,,,0.0,,,,,,,,0.0,,,,,,,,,,,,0.0,,1
5.377,,0.0,,,1.0,,,,,,,3.437,,,,,,,,,,,,,,,,,,,,,,,,,,8.414,,,1
,,,,,0.0,,,,,,,,,,6.0,,1.132,,,,1.21,,,,,,,,,,0.0,2.0,,,,,,,,,1
,,,,,,3.0,,1.0,3.0,,0.0,,,,,,,,,,,1.0,,0.0,,,,,,1.553,,,,,,,,,,0.0,1
,,,0.0,,,,,,,,,3.375,,,,1.041,,0.0,,,,,0.0,,,,-0.008,,,1.602,,,,,,,,8.601,,,1
,,,,,,,,,3.0,,0.0,,,,,,,,,,1.222,,,,,,,,,,,,2.0,,3.863,,,8.601,,,1
,3.8233,,0.0,,,,,,,,,3.798,,,,,,,,0.0,,,,,,,0.0,,,,,,4.0,,,3.265,,9.052,,,1
4.732,3.3162,,,,,,46.2,,,,,3.214,,9.579,,,,,,,,1.0,,,,,,,,,,,,,,,,8.476,,1.0,1
,,,,,0.0,2.0,,,,,,,,,,1.023,,,0.0,0.0,,,,,0.0,,,,,,,,,,3.879,2.681,,,,,1
,,,,,,2.0,,,,,,,,,,,1.1,0.0,,,,,,,0.0,2.17,,,0.0,,0.0,,,,6.879,,,11.593,,,1
4.596,,,0.0,0.0,0.0,,,,,,,,0.875,9.54,,1.016,,,,,,1.0,,,,,0.045,1.0,,1.069,0.0,,,1.0,,,,,,,1
,,,,0.0,0.0,,,,1.0,,,,,9.579,,,1.1,,,,,,,,,,,,,,,,,,,,,,,1.0,1
4.619,2.6198,,,,,,,0.0,,,,,,9.896,,1.021,,,,0.0,,,,,,,,,,4.243,,,0.0,,,,,,,,1
,,,,0.0,,,,,,,,,,,,1.012,,,,0.0,,,,,,,-0.025,,,,,,,,,,0.0,,,,1
,,,,,,,,,1.0,,,3.462,,,,,,0.0,0.0,,1.317,,,1.0,,,,,0.0,,0.0,,,,,,,,,,1
4.807,,2.0,,0.0,,,,,,,0.0,4.264,,,2.0,,,,,,,1.0,,,,2.246,,,,1.06,0.0,3.0,,,,,,,,2.0,1
,,,,,,,,0.0,,,0.0,3.462,,,,,,,,,1.318,,0.0,,,,,,,,,,,,,,,8.872,0.0,,1
,,2.0,,,0.0,,,,,,0.0,,,9.863,,,,,0.0,,1.317,,,1.0,0.0,,,0.0,,,,,0.0,,4.032,,,,,,1
,,,,,,,,,,,0.0,,,,,,1.103,,,,1.318,,,1.0,,,,,,,,,,,,2.802,0.0,,,,1
4.732,,,,,,,,0.0,,,,,,,,,,,0.0,0.0,,,,,0.0,,,,,,,,,,,,,,,,1
,,2.0,0.0,1.0,0.0,,,,3.0,2.0,,,,10.277,,1.1,,,,,,,0.0,,,,,,,1.513,,4.0,,,,,,,,,1
,,,0.0,,,,48.3,0.0,1.0,0.0,,,,10.054,,,1.107,0.0,,,1.296,2.0,,,0.0,,,,,,,0.0,,,,1.989,,,,,1
,,,,,,,,,,0.0,,,,,,0.989,,,0.0,,1.313,2.0,,,,,,,,,,,,,,,,,,0.0,1
,,,,,,,,,0.0,,,,,,,,1.101,,,,,,0.0,,,,0.015,0.0,,,,,2.0,0.0,,,2.0,,,,1
,3.9658,4.0,,4.0,,,,,,,0.0,,,,,,,,0.0,0.0,,,,,,2.438,,,,,,,,,,,2.0,,,,1
4.869,,,,,0.0,,36.0,0.0,,,,,,,,1.037,,,,,,,,,,,,0.0,,3.18,,,,1.0,,2.659,2.0,,,,1
,,,0.0,,,,,,,6.0,-0.656,,,11.344,12.0,,,,,,,,,1.0,,,,0.0,,5.31,,,,,,,,,,,1
4.994,,,,,,,,,,,,3.582,,,6.0,,,,,0.0,,,,,0.0,2.322,-0.001,0.0,11.111,,0.0,,,1.0,,2.322,,,,0.0,1
,3.2319,,,,0.0,,,2.0,,,,,1.733,,,,,,,,,,,,,,,0.0,,,0.0,,,,,,,8.464,,0.0,1
4.872,,0.0,,,,,,,,,0.0,,1.604,10.05,,,,0.0,,0.0,,,,0.0,,,,0.0,19.925,,,,4.0,0.0,,,,,,,1
,2.125,,,0.0,,,,,,,0.0,2.843,,,,,,0.0,0.0,,,,,,0.0,2.136,,,,,1.0,,,,,,,,,,1
,,,,,,,,,,,,,,,,0.961,,,,0.0,,,,,,,0.103,,,,,,,,,,,6.76,,0.0,1
,,,,,,,,0.0,,,,,,,0.0,,,,,,1.226,,,,,,,,,,,,,,,,,,,,1
,,,,,,,,,0.0,,,,,,,,,,,,,,,,0.0,,,,,,,,,0.0,,2.155,,,,,1
4.414,2.1712,,0.0,,,,,,,,,,,,0.0,,,,,,,,,,0.0,,,0.0,,,,0.0,,,,,,,,,1
,,,,0.0,,,,,,,,,0.827,,,,1.112,,,,,,,,0.0,2.247,,,,,,,,,,,,12.953,,,1
,,,,,,6.0,,,,,,4.883,,,,,1.12,,,,,1.0,0.0,1.0,,,0.0,0.0,,,,,,,,,,,0.0,5.0,1
,3.4588,,,,,,,1.0,,,0.0,,1.693,10.742,,,,,,,1.273,,,,,,0.0,,,,0.0,2.0,,,,,,,,,1
,,5.0,0.0,,,,,,,,,,,10.434,2.0,,,,,0.0,,,,,0.0,,0.004,,,,,,0.0,,,,,,0.0,,1
,,,,,2.0,,,,3.0,,,3.762,,,,,,,,,,,,,,2.467,,,,,0.0,,0.0,,,,,,0.0,,1
5.295,3.5985,,,,,,,,,,,4.233,1.846,10.866,,,,,,0.0,,,,,,2.394,,0.0,,,,,0.0,,,,0.0,,,,1
,,,,,,3.0,,,,,,,0.816,,,,,0.0,,,1.322,,,,,,-0.001,,,,,,,,3.738,,,,,,1
,,0.0,,0.0,,,,,,,,,,,,0.969,1.11,,,,,2.0,,,0.0,,,,,,,,,0.0,,1.875,0.0,,,,1
,,,0.0,,,,,,,,,,,,,,,0.0,,,,,,,,,0.0,,,,,2.0,4.0,,,,2.0,,,,1
,,0.0,,0.0,,,,,,,0.0,,,,,0.987,,,,,,,,,,,,0.0,,,0.0,,,,,,,,,0.0,1
,,,0.0,,,,48.1,,2.0,,,,,,,,1.104,0.0,,,,,,,0.0,,0.0,,0.0,,,,,,,,,,,,1
,,,,,0.0,,,,,0.0,0.0,4.379,,,,,,0.0,0.0,,,,,1.0,,,0.0,,,,0.0,8.0,,,,,,,0.0,,1
,,,,,0.0,,44.8,,,,,3.936,,,,,,,,,,,,1.0,0.0,,0.0,,0.0,,,4.0,,4.0,,,,,,,1
,,,,,,8.0,,8.0,,,0.0,,,,,,,,,,,,,,0.0,,,0.0,,,,,,,,,,9.14,0.0,,1
4.887,,,,,,0.0,,,,,0.0,,,,0.0,,1.145,,,,,,,,0.0,,0.0,,,,4.0,0.0,,4.0,,,,,0.0,,1
,,,0.0,,,4.0,,,,,,,,,,,,,,0.0,,2.0,,,,,,,,2.731,,2.0,,,,,,,,,1
5.076,,0.0,,,,,42.0,,,,,4.049,2.094,10.679,,,,0.0,,,,,,,,,,,12.363,,,2.0,,,,,,,,,1
,2.6715,,,,,,,,,,-0.741,4.116,,,,1.02,1.11,,,,,,0.0,,,2.481,,,12.298,,,,0.0,,,,,,,,1
5.534,,4.0,,,,,,,,,,5.001,,,,,1.094,,,,,,,,,,0.0,,,2.978,,,,2.0,6.896,2.361,,,,,1
,,,,,,3.0,50.0,,,,0.0,,0.629,,,,,,,0.0,,,,0.0,,,0.004,,0.0,,,,,2.0,,,,,,0.0,1
,,0.0,,,,,,,0.0,,,,,,0.0,,1.121,,,,1.301,3.0,,,,,,,,,0.0,2.0,,,,,,,,,1
,3.0152,0.0,,6.0,,,45.5,,,,,,,,,,,,,0.0,1.302,3.0,,,0.0,2.394,-0.002,,,,0.0,,,,,,,8.577,,,1
,,,,,,,,,,4.0,,,,,,0.98,,,,0.0,,,,,1.0,2.359,,,0.0,3.08,,,,1.0,,1.951,,,0.0,,1
,,,,,,,,0.0,,0.0,,,0.773,10.418,,1.027,,,,0.0,,3.0,0.0,,,2.426,,0.0,,,0.0,,,,,,0.0,9.163,,2.0,1
,,,,,0.0,,,,,,0.0,,,,,,,,,,,,,,,,,,,,,0.0,,,,,,,,,1
4.802,2.1315,,0.0,,,,42.9,,,,,,,,,,,,,,1.308,3.0,0.0,0.0,,,0.012,,,0.95,,,,,,1.685,0.0,,,,1
4.783,,,,,0.0,,,,,,,,1.057,,0.0,,,,,,,,,,,,0.012,,,,2.0,0.0,,,3.594,,0.0,,,,1
,,0.0,0.0,,0.0,0.0,,0.0,0.0,,,3.196,,,0.0,,,,,0.0,1.35,,,,,,,,,,,0.0,,0.0,,,0.0,,0.0,,1
,2.4062,,,,,5.0,,,,,,,,,8.0,,,,,,1.298,,,,,,,,,,,,,,,,1.0,8.965,0.0,0.0,1
,,,,,,,,,2.0,,,,0.673,,,1.003,,,0.0,,1.277,,,,,,,,,,,,,2.0,,,,8.634,,,1
5.393,,,,,,,,2.0,,,1.199,,,,,,,,,,,2.0,,,,,,,,,0.0,,,,,,,8.77,,,1
,1.6801,,,,,,,,,,,4.148,,,,,,0.0,,0.0,,,0.0,,,,,0.0,,,,,,0.0,3.882,,,,,,1
4.835,,,0.0,,,,,,,,,,,,,,,,,,,,0.0,0.0,,,,,,,,,,,,,,,,,1
,,,,,0.0,,39.1,0.0,,,,,,,,1.027,,,,0.0,,,,,,2.386,,,,,,,,,,,3.0,,,,1
,,,,,,,,0.0,,,0.0,3.507,,,,,1.137,,,,,,,,1.0,,,,,1.723,,,,,3.966,,,,,0.0,1
,3.0701,,,,,,46.7,,,1.0,,,,,,,,,,,,,,,,,,,,,,,,,3.599,,,,0.0,0.0,1
,,,,1.0,,,,,,,,,,,,,,,,0.0,,,0.0,,0.0,,-0.081,,,,,0.0,,,,,,7.838,,,1
,,,0.0,,0.0,,,,0.0,,,,,,,,,0.0,0.0,,1.252,,,,,,,,,,,,4.0,,,,,7.834,,,1
,,0.0,0.0,,,,,,,,,,,,0.0,,,,,,,,0.0,,,2.101,,,,,,,,,,2.381,,,,,1
,3.0607,,0.0,,0.0,3.0,,,,,,,,,,,,,,0.0,,,,,0.0,,,,,,,,,,,,1.0,,,,1
,,1.0,,,,,,,,4.0,,,,,,,,,,0.0,1.366,6.0,,,,,,,,,,4.0,4.0,,,,,,,,1
,,,,,0.0,,,,,,0.0,,,,,,1.136,,,,,1.0,0.0,,,,,,,,,,,0.0,,2.227,,,0.0,,1
,,,,6.0,0.0,,41.5,,,8.0,,,1.048,,,,,,,0.0,,,,,,2.358,,,,,,,,,,,3.0,8.919,,0.0,1
4.802,,3.0,,1.0,,,,,,,,,,,,,1.079,,,,,,,,,,,,0.0,,,,,,,,2.0,,0.0,0.0,1
,,,0.0,,,,47.9,,,,,,,,,,1.111,,0.0,,,,,,,,0.0,,13.296,,,,,,4.026,2.024,,,,,1
,,1.0,,6.0,,,,,,,0.0,,,,,,1.153,,,,,,,0.0,,,,,,,0.0,0.0,,,,,5.0,,,,1
,,,,,0.0,,,,,,0.0,3.49,,10.158,,0.98,,,0.0,,1.313,,0.0,,,,,,,,,,2.0,2.0,,,,,,,1
4.971,,,,0.0,0.0,,,,0.0,,,,,,0.0,0.998,,,,,,,,,,,,,,2.758,,,0.0,,3.926,,,,,,1
,,1.0,,,,,,,,,,,,,,,,,,,,,,,0.0,,,,,,,,,0.0,,,,,,,1
5.0,,,,,,,,,,,,,,9.657,,,1.135,,,,,,,,,2.0,,,,,,,,,4.227,,,,,3.0,1
,,,,,,,,,,,-1.343,,,11.367,,,,,,,,,,,,,,,,,,,,0.0,,,,,,,1
,,,,1.0,,,32.8,,1.0,1.0,,,,9.762,,,,0.0,,,,,,,,,,,,,,0.0,,,3.359,,,,,,1
,,,1.0,,,,,,,0.0,,,,,,1.027,,,,,,,0.0,,,,0.419,,,1.542,,,1.0,,,,,,,,1
,3.4093,,,,,2.0,,,,,0.0,3.648,,,0.0,,,,0.0,,,,,,,2.381,,,,,,0.0,0.0,,,4.417,,,0.0,,1
4.796,,,0.0,,,,,,,,,,,,4.0,,,,,,,,,,,,,,,,,,4.0,2.0,3.837,,,,,0.0,1
,,0.0,,,,,40.0,0.0,,,,3.299,1.185,,,,,,,0.0,,,,,0.0,,,,20.135,,,,2.0,,3.861,,,,,,1
,,0.0,,,,2.0,,,,,0.0,,,,,,,,,,1.211,,,0.0,0.0,,-0.008,0.0,20.331,,,,2.0,,,,1.0,,,,1
,,,,2.0,,3.0,,,,2.0,,,,,6.0,,,,,,,,0.0,,0.0,,,,,,,,,,,,,8.601,,,1
,,,,0.0,0.0,,,,,,,,,,,,,,,,,1.0,0.0,1.0,,2.281,,,,2.83,,,0.0,,,,0.0,,,,1
5.372,2.8994,1.0,,,,1.0,34.5,,,3.0,,,,,,,,,,,,,,,,,,,,,,,,,,,,,,,1
,,,0.0,,,4.0,,,,,,3.872,,,8.0,,,,,,,,,,,,0.0,,,,,,4.0,4.0,,,,,,,1
,,,,,0.0,,,,,,,3.772,,,,,,,,0.0,,,,,,,,,11.247,,,,2.0,,,2.599,,,,,1
,,,,,,,,0.0,0.0,,,,,,,1.01,1.114,,,,,,0.0,,,,,,0.0,,,,,,3.929,2.243,,,,,1
,,,,,,,,,,0.0,,,0.0,,,,,,,,,,,,,,-0.001,,,,,,,,3.866,,,,,0.0,1
,,,0.0,,,,,,,2.0,-1.233,3.998,,,,,,,,0.0,,,0.0,0.0,,,,,23.37,,0.0,,3.0,,4.257,3.123,,,,,1
,2.0229,,0.0,,,,,,,,,,,,,0.991,,,,,1.275,5.0,,,,,,0.0,,2.313,,3.0,,0.0,,,,9.415,1.0,,1
,2.419,,,,,7.0,,,1.0,,,,,,,,,,0.0,0.0,,,,,,,,0.0,,,,,,,,,,9.38,,,1
,,,,,,,29.6,,1.0,,,,,,0.0,,1.149,,,,,,,,,,,,,,,0.0,,0.0,,,,,,,1
,,,,,0.0,0.0,,,,,,,,,2.0,,,,,0.0,,,0.0,,0.0,,,,10.844,1.945,,,,,3.904,,,,0.0,,1
,,,,,,,,,,6.0,,,0.548,,,,1.103,,,,,,,,,,,,,,,,,,,,,,,,1
5.28,,,0.0,,,,,,,,,4.44,,,10.0,,,,,,,,,0.0,,,,,25.24,2.585,,,,,,2.525,,,,,1
,,,,,,6.0,,,,,,,1.709,,,,,,,,,2.0,,1.0,0.0,,,,21.618,,0.0,,,,,2.758,,9.674,0.0,,1
,2.6389,,,,,,,,,15.0,,,,,,,,,,,,,0.0,1.0,,,0.0,,,,,6.0,15.0,,3.992,,,,,,1
,,,,,,,,,,3.0,,,0.638,,,,,,,,,7.0,,,,,,,,,,,,,,,1.0,11.671,,,1
,,0.0,,,,,,0.0,,8.0,,,0.82,,,,,,,,1.261,,,0.0,,,,0.0,,2.801,,,,3.0,4.061,2.887,2.0,,,0.0,1
,2.628,,,,1.0,,,,,,,,,10.617,,,,,,,1.3,,,,,,0.001,0.0,,,1.0,,,,,,,8.475,0.0,0.0,1
,,,0.0,,,,,,,,,,,,,,,,0.0,,,,,,,1.732,-0.636,,,,,,,,,,,,,3.0,1
,,,,,,,,,,,,,,,,,1.116,,,0.0,,,,,,1.618,,,,,,,,,,,,,0.0,,1
,,,,,,,,,,0.0,,,,,,,1.136,0.0,,0.0,,,,,,,,0.0,,,,0.0,,,,2.778,0.0,,,,1
,2.7655,,,,,,,1.0,0.0,,,,1.409,,0.0,0.976,,,0.0,,,,,,,,,0.0,,,,,,,,,,,0.0,0.0,1
,,,,7.0,,0.0,,,,,,,,,0.0,,1.151,,,,,,0.0,,,2.412,0.003,,0.0,,,,,,,,,,,,1
,,0.0,0.0,,,,,0.0,,,,3.746,1.125,10.568,,,,0.0,,,,,,,,,,,21.451,,0.0,,,,,,,,,0.0,1
,,,,,,,,,,,,3.385,0.664,10.012,,,1.109,,,,,,,0.0,,,,0.0,,1.146,,,,,,,,,,0.0,1
,,1.0,,,,,,,,0.0,,3.647,,10.384,0.0,,1.075,,,,,,,0.0,,,,,,,,,,,,,,9.171,,,1
,,,,,,,,,0.0,,0.0,,,,0.0,,,,,0.0,,,,,0.0,,,,,,,,,,4.123,,,,0.0,,1
5.697,,,0.0,6.0,1.0,1.0,41.4,,,,,,,,,1.021,,,,0.0,,2.0,0.0,,,,,,,,,,,,3.82,,,,,,1
5.359,,,,,,0.0,,9.0,0.0,,,3.51,,10.987,,0.96,,,,,,,,,,,,,,3.775,,,,,,,0.0,,,,1
,,,0.0,,,,,3.0,,0.0,,2.388,,,,,,0.0,,,,0.0,0.0,,,,,,0.0,0.8,,0.0,,2.0,,,,,0.0,,1
,2.904,0.0,,2.0,0.0,,,,,,0.0,,,8.755,,,,,,,,,,,,1.902,-0.213,,,2.052,,,,,3.07,,,6.918,,,1
3.802,,,,,,,,,,,0.0,,,,,,,,0.0,,,0.0,,,,,,0.0,,2.885,,,,,,,,,,,1
,,,,,0.0,0.0,21.4,,,,,3.063,,,,,,,,0.0,,0.0,,0.0,,,,0.0,,4.086,,,,6.0,2.995,,4.0,,,,1
,,,,0.0,,,,,,,,,0.918,,,,,,0.0,,1.104,,,,,,,,0.0,,0.0,,0.0,,,,,,,,1
,,,,,,,,,,,,,,8.394,,,,,,,,0.0,,0.0,,,,,,,,,,,,2.643,,,,,1
,,,,0.0,,,,,,,,,,,,,1.137,,0.0,,1.238,,,,,,,0.0,,,,,,,,,,,,,1
,4.0251,0.0,,,0.0,0.0,,,0.0,,,2.752,,,,,,,,,1.171,0.0,,,,,,,,,,,,,,,,,0.0,,1
,,,0.0,0.0,,,,,0.0,0.0,,,3.777,,,,,,,,,,,,,,,,,,,,,,,,,,,,1
,,,,,,,,3.0,,,,,,10.091,,,,,,,,,,,0.0,,,,,1.836,,,,,,,0.0,,,,1
,,,,,,,,,,,,,,,,1.041,,,0.0,,,,,0.0,,,-0.09,0.0,,,,,,0.0,,,0.0,,,0.0,1
,,,,,,,,,,,,4.187,2.826,,15.0,,1.142,,,,,,,,,,,,,,,,,,4.416,1.959,,9.317,,0.0,1
,,,,0.0,,0.0,30.5,,0.0,0.0,,,2.733,,,,1.135,0.0,,,,,0.0,,0.0,2.257,,,,,,,,,,,,,,,1
,,0.0,,,,3.0,36.8,1.0,,,,,,,,,1.14,,,,,,,,,,,,,1.06,,,,,,,,,,,1
4.807,,,,,,,,,,,,,,,,,,,0.0,,,,,,,,,,0.0,,,,2.0,,,2.111,1.0,,,0.0,1
,,,0.0,,,,,0.0,0.0,,0.0,,1.039,,,,1.126,,,,,,,,,,,,,,,,,,,,,,0.0,,1
,,,0.0,,,,,,2.0,2.0,,,,,,,,0.0,,0.0,,,,,0.0,,,,,,,,,,,,,,,,1
,,,0.0,,,,,0.0,,,,,,,,1.092,1.129,,,,,,,0.0,0.0,,,,,,,,,,,,,,,,1
,,,,,9.0,,37.8,24.0,,0.0,,,,12.609,,,1.129,,,,,,,,,,,,56.39,,0.0,,,,,,,,,,1
,,,0.0,,,,,,,,,,,,,,,0.0,,,,,,,0.0,,,,,,,,2.0,,,3.16,1.0,,,,1
,,2.0,0.0,,,,33.3,,,,,,,,6.0,,,0.0,0.0,,1.258,,,,,,,,,,0.0,,,,,,1.0,,,,1
,,1.0,0.0,,,,44.4,0.0,,0.0,,,,,12.0,,,,,0.0,,,,,,,0.0,,24.186,,,,,,,2.917,,,,,1
5.016,,,,,,,,,,,-0.589,3.389,,10.366,,,,,0.0,,,3.0,,,,2.441,,,22.204,,,,,,,,,,,,1
,,,,,,,,,,,,,,,0.0,,,,,,,,0.0,,0.0,2.236,,,,,,,4.0,,3.856,1.75,,8.614,,,1
,,2.0,,,,,51.4,,,,,,,,,0.976,1.085,,0.0,,,,,1.0,0.0,,,,,,,,0.0,0.0,,,0.0,9.487,,,1
,3.0431,,,,,,,0.0,,,0.0,,,,,,,0.0,,,1.583,,,,,,,,,3.176,,,,0.0,,,,,,10.0,1
,,,,,,,,21.0,,0.0,,,0.97,,,0.974,,,,,,,,,,,0.0,,,,,,,,,,,,,,1
,,,0.0,2.0,,6.0,,,,,,,,,0.0,,,,,,1.315,,,,,2.431,,,,,,2.0,,1.0,,,,,,0.0,1
,,0.0,,,,,48.3,,,,,,,,,,,,,,,2.0,0.0,,,,,0.0,,2.163,0.0,,,,,,0.0,8.81,,,1
5.392,,,0.0,,,6.0,,,,,,,,,,,,0.0,,,,,,,,,,,,,,,,6.0,,,,10.25,0.0,,1
,,,,,,,,,,,,,,11.524,,1.062,1.092,0.0,,,,,,,,,,,,,,,,,4.18,,,,2.0,4.0,1
,,,,,,,,,,0.0,,4.318,,11.51,,,,0.0,,,,,,,,,,,22.691,,,,0.0,,,3.355,0.0,,0.0,,1
,,,,,,,,,,0.0,0.787,,,10.919,,,,,,,1.237,,,,,2.596,,0.0,23.572,,,,,,,,,,,,1
,2.5804,,,,,,54.5,,0.0,,,,,,,,,,,0.0,1.369,,,,,,,,,,,,,,,,,,,,1
,,,0.0,2.0,0.0,,,0.0,,,,4.386,,,,1.07,,0.0,,,,2.0,,1.0,,,,,,,,,4.0,6.0,,,2.0,,,,1
,,0.0,,,,,,,,,,,1.217,,,1.003,,,,,,,,,,,,,,2.131,,,0.0,,,,,,,,1
,,,,,,,,,,,-0.557,4.187,,,6.0,1.053,,,,,1.299,,,,,,0.0,,,,,0.0,,,4.311,,,,,,1
,,,1.0,,,,,,,,,,,,0.0,,,,,,,,,,,,,,,,,,,,,,,7.859,,0.0,1
,,,,,2.0,0.0,,4.0,,1.0,,,,,,,,,0.0,,,,,,,,-0.007,,,,,,,,,,,,,,1
,,,,,,,,,,,2.068,,,,,,,,,,,2.0,0.0,,,,,,,,0.0,0.0,,,4.476,,2.0,,,,1
,,,,,,,,,,,0.0,,0.0,,,1.014,,,,,,,0.0,,,2.0,,,0.0,,,,,,3.122,,,,,,1
,3.6508,,0.0,,0.0,,20.0,0.0,,,0.0,3.146,0.881,,,,,,,0.0,1.146,,0.0,,,,,,,,,,,6.0,,,,,0.0,0.0,1
,3.09,,,0.0,,0.0,,,,3.0,-2.406,,,,,,,,0.0,,1.126,,,0.0,0.0,,,,,,,,0.0,,,,,,,,1
5.493,,,,,6.0,,,18.0,6.0,15.0,,,,,,,1.131,,,,,,0.0,,0.0,,,,,,0.0,,3.0,,,,,,,,1
,2.2234,,0.0,,,0.0,33.3,,,,,,,,,,1.145,,0.0,0.0,,3.0,,,,,,0.0,,,,,,0.0,,,,,,,1
,2.2384,0.0,,0.0,0.0,,30.0,,,,,,,,,,,,,,1.156,,,,,,-0.021,0.0,0.0,,,,,,3.369,1.625,,,,,1
,,0.0,,,,,,,,,,4.241,,,,,1.123,,,0.0,,,,0.0,,2.392,,,,,,2.0,,,,,,9.307,,,1
5.013,,,,,,,42.4,,5.0,,,,,,,,,,,,,,,1.0,,2.415,0.0,,35.613,,0.0,,13.0,,,2.444,,,,,1
,1.5772,,,14.0,,,,,,,,,,,,,,,,,,,,,,2.393,,,49.391,,0.0,,,,,,,,,,1
,2.3232,,,11.0,,,,,,,,4.103,,,,,,0.0,,,,,,0.0,,,,,,3.982,,,8.0,,,,,,,,1
,,,,,0.0,,50.0,,,,,,,,,,,0.0,0.0,,,3.0,0.0,,,,,,22.671,,0.0,,,,,3.085,1.0,9.567,,,1
,,,0.0,,,,,,,,,3.392,,,,,,,,,,,,,,2.387,,,,,,1.0,0.0,,,,,,,,1
,,0.0,,,0.0,,,,,,,,,9.947,,,1.147,,,0.0,,,,,,,,,,,,,,,,,,,0.0,,1
,,,,,0.0,,,,,,,,,,,1.015,,,,,0.863,,,,0.0,,,,0.0,,,,,,,,,,0.0,,1
,,,,,,,,,0.0,0.0,0.0,,,,0.0,0.961,,,0.0,,,,0.0,0.0,,,,,,2.052,,,,,,,,7.038,,,1
,,,0.0,,,,,,,,,,,,,,,,,,,,,1.0,,,-0.022,,,,0.0,,,,,,,,,2.0,1
5.164,,,,,,,27.3,,,0.0,,,,,0.0,,1.131,,,0.0,,0.0,,,,,,,,,,,,,,,,,,,1
,,,,0.0,,,,,0.0,,,,0.811,,,,,,,,,,0.0,,,,,0.0,,,,0.0,,,,,,,,,1
,,3.0,,,0.0,0.0,,0.0,0.0,,,3.245,,,,,,,,,,,0.0,,,,0.414,,0.0,,0.0,,0.0,,,3.2,,,0.0,,1
,,,,,,,,,,,,,2.237,,0.0,,,,,,,,,0.0,,,0.003,,,2.551,,,,0.0,,,,,0.0,,1
,3.0445,,0.0,2.0,,,,0.0,,,,,2.252,,,0.97,,,,,,0.0,,,,,,,0.0,,,,,,,,,,,0.0,1
4.303,,,,,,,,,,,0.0,,1.459,,2.0,,,,,,,,,0.0,,1.932,,0.0,,,,0.0,2.0,,,2.5,,,,0.0,1
,,,,0.0,,,,,,,,,,,,,,,0.0,,1.091,,,0.0,,,,,,1.496,,0.0,,,3.278,,,,0.0,,1
,4.0516,0.0,,,,0.0,,,,,0.0,,,10.053,,1.007,,,0.0,,,,,,,,,0.0,,,,,,,,,,,,,1
,3.4015,,,,,,26.1,,1.0,,,,,,,,,0.0,,,,,0.0,0.0,,,,0.0,,,,0.0,,,,2.344,,,,,1
,3.4065,,,0.0,0.0,,26.1,,,,,,,,,,,,,,,,,0.0,,2.029,,,0.0,,,,,,,2.25,,,,,1
5.236,,0.0,,,,,,,2.0,,,,,,,,,0.0,0.0,,1.066,,,,0.0,,-0.078,,,1.309,,0.0,,4.0,,,,,,,1
4.491,,,,,,,,,1.0,2.0,0.0,,,,,,,0.0,,0.0,1.166,,,0.0,,,,0.0,,2.764,,,,,,,,,,0.0,1
3.879,,,,0.0,,,,,,,,,,8.743,,,1.146,0.0,,,,0.0,,,,,,,0.0,3.685,,0.0,,,,,,,,0.0,1
,4.9583,,0.0,0.0,4.0,,,,,,,3.781,,,14.0,,,,,0.0,,,,0.0,0.0,2.298,,0.0,,,,,,,,,0.0,,,,1
,,0.0,,,,0.0,,6.0,,0.0,,3.66,,10.771,,,,0.0,,,,0.0,,,,2.303,,0.0,,,0.0,,,,,,,,,,1
,3.906,,,,0.0,,27.3,,,,,,,9.868,,,,,,0.0,,0.0,,,0.0,,,,,,,0.0,,,,,,,0.0,,1
4.412,,,,,0.0,,,,,,,,,,,,,0.0,,,,,,,,,,,,15.507,,,,,,,2.0,,,,1
4.38,,0.0,,,,,,,,,,,,,,1.018,1.173,,0.0,,,,,0.0,,,,,,,0.0,,,,,3.028,4.0,,,,1
,,,,,,,,,,,,,,,4.0,1.101,,,,,,,,,0.0,,,,20.21,,,,,2.0,,,,,0.0,2.0,1
,,,,,,,27.3,,,,,,1.776,,,,,,,0.0,,0.0,,,,,,,,,,,,3.0,,,1.0,,,,1
,,3.0,,0.0,,,,,,,0.0,3.463,,9.966,,,,0.0,0.0,0.0,,0.0,0.0,,,,,0.0,,,,0.0,,,,2.46,,,,,1
,,1.0,,,,,,,,,,,,,,,,,0.0,,,0.0,,0.0,,,,,12.09,,,,0.0,,,,,,0.0,,1
5.27,,,,,,,,,4.0,,0.0,,2.388,10.649,12.0,1.039,,,,,,,,,,,,,,,,,,,,2.39,,,,,1
,,,,0.0,0.0,,25.0,2.0,4.0,0.0,,,,,,,,,0.0,,,,0.0,,0.0,,,0.0,,,,0.0,,1.0,,,,9.066,,,1
,,,,,,,,,,,,,,10.95,,0.961,1.132,,0.0,,,,,,,,,,0.0,,,,,0.0,,,,14.7,,,1
5.349,,1.0,,,,0.0,,,2.0,,-0.024,,,,,,,,0.0,,,,0.0,,,,,,,,,,,,,2.005,0.0,,0.0,,1
,,,,,,0.0,,,0.0,0.0,,,3.105,10.724,,0.959,1.136,,,,1.292,0.0,,,,,,0.0,,,0.0,,,0.0,,,0.0,,0.0,,1
,,,,,,,,,0.0,,,,,,,,1.136,,,0.0,,0.0,0.0,0.0,0.0,,,,,,,,,,,2.15,1.0,,0.0,,1
5.333,,,,,,,27.9,,5.0,0.0,,,,,18.0,,,,,,,,,,,,,,,,,,,,,2.706,,,0.0,0.0,1
,,,,,,,,,,,0.0,4.046,,,8.0,,,,,,1.347,,0.0,,,2.42,,0.0,,2.731,,,,0.0,4.738,,,9.875,0.0,2.0,1
,,,,,,,,,,,,,,,,,1.1,,0.0,0.0,,,,,,,0.004,,10.567,1.45,,,,,,,,,,,1
,,,,,,,,0.0,,,,,,,0.0,,,0.0,,,,1.0,,,,2.194,,0.0,,,,1.0,,,3.601,,,7.982,,,1
,,,,,,,,,,3.0,,,,,0.0,,,,,,,,,,0.0,,-0.024,,,0.95,,1.0,,,,2.111,,,,,1
4.732,3.2078,,,,,,40.0,,,,0.0,,,,,,,,,,,,,,0.0,2.236,,,,,,1.0,,,,,,,,,1
,,,,1.0,,,39.1,,,,,,1.461,,,,,,0.0,,,,,,,2.203,,,,,0.0,,3.0,,3.63,,,,,0.0,1
4.783,3.1257,,,,0.0,,,,0.0,3.0,,,,,,,,,,,,,,,0.0,,,,,,,,,,,1.981,,,,,1
,,0.0,,,0.0,,,3.0,0.0,,,,,,,,,,,0.0,,,,,1.0,2.285,,,,,,3.0,,,,1.908,,,,,1
,,,,3.0,,3.0,,,0.0,,,,,,0.0,0.979,,,,,1.288,,,,1.0,,,,0.0,,,,,2.0,,,,,0.0,,1
,,,,1.0,,,,,,,0.0,,,,,0.998,,0.0,,0.0,1.195,,0.0,,,,,,,,0.0,,,,,,,,,,1
,,,,,0.0,2.0,37.5,0.0,,,,2.997,,,,,,,,,,1.0,,,,,,0.0,,,0.0,,,,,,,7.969,,,1
,,1.0,,,,,42.9,,,2.0,0.0,,,,0.0,,,,,0.0,,,0.0,,,,0.045,0.0,0.0,,,2.0,,,,,1.0,,,,1
,,1.0,0.0,,,,42.9,,,,0.0,,0.875,,,,,0.0,,,1.312,,0.0,,,,,,,0.854,,,,2.0,,,,,0.0,,1
,,,,1.0,0.0,,,,,,,,,,,,,0.0,,,,,,,0.0,,,,0.0,,,,,,,,,,0.0,,1
5.005,,,,,0.0,,39.4,,,,,3.657,,,0.0,,,,,,,,,,,2.396,,0.0,0.0,,,,,,,,,,0.0,,1
4.796,,,0.0,,0.0,2.0,,,2.0,2.0,,,,,,,,,,,,,,,,,0.015,0.0,20.317,,,1.0,,,,,,,,,1
,,,,1.0,,,,1.0,2.0,,,,,,,,,,1.0,,,,,,,,,,20.455,,,,,,,,,,,,1
,,,0.0,1.0,0.0,,41.2,1.0,,,,3.278,,,,1.024,,0.0,1.0,,,,,0.0,,2.236,,0.0,,,,1.0,,,,2.933,,,,,1
,,0.0,,,,,,2.0,,,,,,,4.0,,,0.0,,,1.271,1.0,0.0,0.0,,2.264,-0.024,,,,,,,,3.728,,0.0,,,,1
,3.4136,0.0,,,,,40.9,3.0,,,,,,,,,,,,0.0,1.269,,0.0,,0.0,,0.013,,,,,,,,,,0.0,,,,1
4.845,3.2928,,,3.0,0.0,,38.1,,1.0,2.0,,,,,,,,,,,,,,,,,,0.0,,1.393,,,,,,,1.0,,,0.0,1
,,0.0,,,0.0,,,,,,,,,,,,,,,0.0,,,,,,,,,,,,2.0,0.0,0.0,3.699,,,,,,1
,,0.0,0.0,,,,,,,,,,1.621,,,,1.162,0.0,,1.0,1.152,,,0.0,0.0,,,,,,0.0,,,,,,,,,,1
,,,2.0,,,,,,,,,,,,12.0,,1.134,,,,,,,,,,,,45.922,4.369,,,,,,,,10.183,,,1
,,,,,,,,,,,,,,,,,,,0.0,0.0,,1.0,,1.0,,,,,,,,,,,,,0.0,,,,1
,,,,,,,,,,,0.0,,,,,,,,,,,2.0,,,,2.449,,,,3.714,,4.0,,,,2.147,,,,,1
,,0.0,0.0,,,2.0,,,,2.0,,,,,,,,,,,,,,0.0,,,,,,,0.0,1.0,,,,,,,0.0,,1
,,,,,,6.0,,,,,,,,10.51,0.0,,1.085,,,0.0,,,,,,2.439,,,,,0.0,,,0.0,,,2.0,,0.0,4.0,1
,,,,,,2.0,,,,,0.0,,,,,,,0.0,,,,,,,0.0,,,,,,,,,2.0,,2.932,,,,,1
,3.8121,,,,,,,,,,,,1.197,,10.0,,1.129,,,0.0,,,,0.0,,2.389,,0.0,,1.962,,,,,4.74,,,,,,1
,,,,,,,,2.0,0.0,,,,,,,,,,,0.0,1.289,,,,,,0.0,,,,,,,,,,,8.832,,,1
,3.1901,,,,,3.0,,2.0,,,,,,,,,,,,,,,,,0.0,,,,,2.609,,,,,,,,,,,1
,,,,0.0,,,,,0.0,,,,,,,0.999,,0.0,,,1.452,,,,,,,,,,,,,,,,,,,,1
,,,,,,,,,,0.0,,,0.0,10.081,,0.998,,0.0,,,,,0.0,,,,,,,,,,,,,1.833,,8.16,0.0,0.0,1
,,,,0.0,,,,3.0,,,,,,,,,,,,,,1.0,,,0.0,,,,,,,,,,3.597,,0.0,,,,1
,,,,,,,,,,0.0,,,,,,1.022,,,,0.0,,,,0.0,,2.381,,0.0,,,,,,,,,,,,,1
,,,0.0,,0.0,,,,,,,4.151,,,,,,,,,,,,0.0,,,,0.0,,,,,0.0,,,,0.0,,,,1
5.718,,,,3.0,0.0,,,,,,,,,,,,,,,,,,,,,2.527,,,,,,,,,,,,,,,1
,,,,,,,,,4.0,,,,,,,,,,,,1.309,1.0,,,0.0,,,,12.071,,,,,0.0,,2.42,,,0.0,,1
,,,0.0,,0.0,,40.0,,4.0,,,,,,,,1.111,,,,,,,,,2.397,0.0,,,,0.0,3.0,,0.0,,,,9.801,,,1
,,,,,,,,1.0,,,0.0,,,,,,,,,0.0,,,,,,,,,,,,,0.0,,,,,8.227,,0.0,1
,,,,,,,,,1.0,,,,,,,1.123,,,0.0,0.0,,,,,,,,,,,0.0,6.0,,,,,0.0,9.557,,,1
5.188,,,,,,,,,,,0.0,,,10.7,,,1.093,,0.0,,,,,,0.0,,0.0,,,,,,,,,2.135,,,,,1
4.985,,,,,,,38.7,0.0,,,1.982,,,,3.0,,,,0.0,,,,,,,2.327,,,,,,,,0.0,3.547,,,,0.0,,1
,,,,,,,,,,,,4.013,,,,0.998,,0.0,,,,,,,,,,,,4.054,,,,,,,0.0,,,,1
,,,,,,,,,1.0,,,,,,,,,,,,,,0.0,,0.0,,,,,,,,,,,,,,,0.0,1
,,,,,,8.0,,,,,,,,,,,,,,,,2.0,,,,2.484,,,0.0,4.711,,,,,,2.073,0.0,13.654,,8.0,1
5.131,2.5259,,,,0.0,,,,,,,3.829,,10.558,,,,,0.0,,,,,,0.0,,,0.0,,,,,,,,,0.0,,,0.0,1
,,,,1.0,,,,,4.0,,,,,,11.0,,,,,,,,0.0,,0.0,,,,,,,,2.0,,,,,,,0.0,1
,,,0.0,,6.0,,,,,,,,,,,,,,,,1.366,,,1.0,,2.804,0.0,,0.0,,,,,,,,,,,,1
,,,,,,0.0,,,,,,,,,,,,,0.0,,1.234,,,,,2.678,0.0,,,,,,,0.0,,,,,,,1
5.029,,0.0,0.0,,,3.0,,,,3.0,,,,,,0.977,,,,0.0,,,0.0,,0.0,,,,,,,,,1.0,,,,,0.0,,1
,,,,,,,,,,,0.0,,,,,,,,,0.0,,3.0,,0.0,,,,,,,,,0.0,,,,,8.28,,,1
,,0.0,,,,,,,,0.0,,,,,,,,0.0,,,,,0.0,,,,,,,0.818,,,,,,,0.0,,,,1
,,1.0,,0.0,,,58.3,,,,,,,,,,,,,,,,,,,2.518,,0.0,,,,,0.0,,,,,,,,1
,,,,,,7.0,,,,3.0,,,,,,,,,,,,,,,0.0,,,1.0,,,0.0,,,3.0,6.88,,1.0,,0.0,,1
,,0.0,,,0.0,,56.0,,,0.0,,,0.682,10.784,,,1.092,,,,,,,,,,0.0,0.0,,,,1.0,0.0,,,,,,,,1
,,,,,,6.0,,0.0,,,-0.132,,,,,,,,,,,,,0.0,,,0.0,0.0,,,,,0.0,0.0,,,,,,,1
,,,0.0,,,12.0,,0.0,,,,,,,,,,,,,,2.0,,,,,,,,,,10.0,,0.0,6.991,,,,,,1
,,,,,,6.0,,,0.0,,0.0,,,,,,,0.0,,,,,,,0.0,,,,,,,,,,,,2.0,,,,1
,,,,,,,46.3,,,,0.0,,,,,,,,0.0,,,,0.0,,,,,,0.0,,,,,,,,,,0.0,,1
,2.2807,,,,,,,,,,0.0,,,,,,1.107,,,,1.334,,,,,2.312,0.0,0.0,,,,,,,,,0.0,,,0.0,1
4.644,,,0.0,,,,,,1.0,,0.135,,,,,0.973,,,,,,,,0.0,,2.306,0.0,,11.381,,,,1.0,,3.532,,,,,0.0,1
,3.1007,,,,,,,,,,,,,,,,,,,,,,,,0.0,,,0.0,,,,0.0,,,4.069,,,,,,1
,,2.0,,1.0,,,,,,,,,,,,,,,,,,,,,,,,0.0,,,,,,,,2.1,,,,,1
,,4.0,,,,4.0,50.0,,,,,,,10.767,0.0,1.006,,,,,,,,,,,,,,,0.0,0.0,,,,1.967,2.0,,,0.0,1
,,,,,,,46.4,1.0,,,,,0.604,,,1.006,1.12,,,,,,,,,,0.0,,0.0,,,,,,,,,9.363,,,1
,,,,,,,,,,1.0,,,,9.183,,0.982,,,,,1.295,1.0,,,,,,,,,,,,,,,1.0,,,,1
,,,,,,,,,,2.0,,,,9.183,,,,,,0.0,,,0.0,,0.0,,,,,0.975,,,,,,,,,0.0,0.0,1
,,,,,,,45.5,,,,,,,,,,1.116,,,,1.323,,,,,,,0.0,0.0,,,,,,,2.397,1.0,,,,1
4.499,,,,,,,,0.0,,4.0,,,,,,1.007,,,,,,,0.0,0.0,,,,0.0,,,0.0,,,,,,,,,,1
,,,,,,0.0,,,,,0.0,2.736,0.802,,,,1.149,,,,,1.0,,,,,,,,,,,2.0,,,,,,,,1
4.861,,,,,,2.0,,0.0,,,0.0,,0.0,9.863,,,,,,,,,,,,2.303,,,0.0,,,,3.0,,,,1.0,,,0.0,1
5.325,,,0.0,,,,40.0,,,,,,1.25,,2.0,0.982,1.127,0.0,,,,,,,,,0.0,,0.0,,,,,1.0,3.826,1.964,,8.634,,,1
,,,,4.0,,0.0,26.7,0.0,,,,,,,,1.007,1.139,,,,,,0.0,,,,,,,,,0.0,,,4.125,,,,,,1
,,0.0,,,,,,,,0.0,,,,,,,,0.0,0.0,,1.107,,,,0.0,2.0,,,,0.667,,,,2.0,3.061,,2.0,6.883,,,1
,,,,,,,39.1,,,,,,,,,,,0.0,,,1.242,,0.0,0.0,,,-0.001,0.0,,,,,2.0,4.0,3.835,,,,,,1
,3.4839,,0.0,,,,36.4,,,,,,,,,,,,,,,,,,,,,,,,,,3.0,,3.789,,3.0,,0.0,,1
5.022,,,,,,,,,4.0,,,,,,,,,,,,,4.0,,,,,,,,,,,,,,,,,,,1
,,,,,,4.0,,,,4.0,-1.375,,,,,1.02,,0.0,,,,,0.0,,,,,,,,0.0,,,,,,,,,,1
,,,1.0,,,4.0,,,,8.0,,4.14,1.251,11.115,,,1.131,,,,,,,1.0,,,,,12.059,,,,,,,2.446,,,,2.0,1
,,,0.0,,,0.0,31.0,2.0,,,0.0,,,,,1.045,,,,,,,,,0.0,2.377,0.0,,,,0.0,,,,,,,,,,1
,,,,,,0.0,,2.0,,,,,0.875,,,,,,,,,,,,,,,0.0,,,,,,,,,,,,,1
4.799,,1.0,0.0,,,,28.0,,,11.0,,,,,,1.015,,,,,,,,,,,,,,,,0.0,,,,2.316,,,0.0,,1
,3.2336,,,6.0,,,,,,,,,,,,1.009,,0.0,,0.0,,,,,,,,,,,0.0,,3.0,,,2.282,,,,,1
,,,0.0,0.0,,,,,,,2.753,3.964,,,,,,0.0,,,,,,0.0,,,0.0,,,,,,,,,,0.0,,,,1
,3.2439,,,,0.0,,,,1.0,,0.036,,,,,,1.126,,,,1.276,1.0,,,,2.337,,,,,,,,,,,,8.541,,,1
5.216,,,,,1.0,,38.8,,,,1.53,,,,,,,,,0.0,1.225,,,,,,,,37.047,4.681,,,,0.0,,,1.0,,,,1
,,0.0,,,0.0,,43.8,,,,,,0.75,10.568,,,,,,,1.298,,,,,,,,0.0,,,,,,,2.125,2.0,,,,1
4.85,,,,,,,46.4,0.0,,6.0,,,,,,,,,,,,,0.0,,,,,,,4.266,0.0,,4.0,,,,,,,,1
,,,,,,1.0,,,1.0,,,,1.461,,,,,,,,,,,,,,,,,,,,,,,,,,,,1
,,,,,,,,,,,0.0,,,,4.0,,,,,0.0,,,,,,,,,,,,,,0.0,4.066,,,,,,1
,,,,,,,,,,,,,,,,,1.125,0.0,,,,,,,,,,,,,,,,0.0,,,,,,,1
3.0,1.9808,,,,,,,1.0,,,,,0.918,6.594,0.0,,,,,,,0.0,,,,,,,,,,0.0,,,,,,,,,1
3.0,1.9184,,,,,,,,,,0.0,,,6.594,,,,,,,,,,,,,,0.0,,,0.0,0.0,,,,,,11.578,,2.0,1
3.618,2.2995,,,,,0.0,,,,,,,1.522,,,,,,0.0,,,,,,0.0,,,,0.0,,,,,0.0,,2.0,,12.253,,,1
3.732,,,,,0.0,0.0,,2.0,0.0,,,,,,,,,0.0,,,,,0.0,,,,,0.0,0.0,,0.0,,0.0,0.0,,,0.0,8.315,0.0,,1
3.732,2.3783,,,0.0,0.0,,,,,,,,,,,,,,,,,,,,,,,,,,,,,,,,,,,,1
3.932,2.7496,,,,,,,,,,0.0,,,,,0.974,1.133,,,,,0.0,,,,,,1.0,,,0.0,,,0.0,,,,,,,1
,,,,,,,29.4,,,0.0,0.0,,,,,,1.109,,,,,,,0.0,0.0,,,,,,,,0.0,,,,,,,4.0,1
,,,0.0,0.0,,0.0,,,,,,3.647,0.811,10.505,,,,,,,,,0.0,,,,,0.0,,,,,0.0,0.0,4.281,,0.0,,,,1
,,4.0,,0.0,,,33.3,,0.0,,,3.486,,,,,1.101,,,,,,,,,2.0,,0.0,0.0,,,,,,4.265,,,,,,1
,,,,,,,,,,,,,,,,,,,0.0,,,,,1.0,,,,,,,,,,,,,,,,,1
,,,,0.0,,0.0,,,,0.0,,,,,,,,,,0.0,1.2,,,,,,,,,2.729,,,,,,2.108,,,,0.0,1
5.311,,,,0.0,,,,,,,,,,10.13,,,,,,,,,,,,,,,0.0,2.301,,,,2.0,,,,,,0.0,1
,,0.0,,,,,,,,,,,,,9.0,1.014,,,,,1.063,,,,,,,,0.0,1.309,,0.0,0.0,,,3.219,,,,,1
,,,,0.0,,,,,,,,,,10.053,,,,,,,,,,,0.0,,,,0.0,1.164,,,,,,3.472,,,,0.0,1
,,,,,,,29.2,,,,,,1.617,,,1.231,,,,,,,,0.0,0.0,,,,,,,,,,,5.554,,,,,1
,,0.0,,,,,,,,,,2.882,1.906,,,,,0.0,,,1.1,,,,0.0,,,0.0,0.0,,,,,,3.13,,,,,0.0,1
,,,0.0,,,,,,,,,,,,,,,,,0.0,,,0.0,,,,,,,,,,,,3.357,,,,,,1
,,,,,,,,,,,,,,,,0.973,,,0.0,,,,,,,,,0.0,,,0.0,,,,,,,,,,1
,,,,,,,,0.0,,,,3.474,0.0,,,,,,,,,2.0,,0.0,0.0,,,0.0,,,,,,,3.347,,,,,0.0,1
,,2.0,,0.0,,,,,,0.0,,3.437,2.322,,,,,0.0,0.0,,,,,0.0,,,-0.026,0.0,,,,,,0.0,,,,,,2.0,1
,,,,,,0.0,,,0.0,,,3.955,,,,,,,,,,,,0.0,,,,,,,,0.0,,,,,,8.864,,,1
,,,,0.0,1.0,0.0,,,2.0,,,3.027,1.436,10.091,,0.993,,,,,,,,,,,,,,2.176,,,,0.0,,2.546,,7.817,,,1
,,,,,,,,,,,,2.488,,,2.0,,,0.0,0.0,,,,,,,,0.397,0.0,,,,,0.0,,,,,7.151,,,1
,,,,0.0,,,,4.0,,,,,,,,,1.133,,,,,0.0,,,,,,,,,0.0,,,,,,0.0,,,,1
,,,,,,,31.4,,,,,,,,,,1.144,,,,,0.0,,0.0,,,,0.0,,,,,1.0,,,,,,,,1
4.724,,0.0,,,,,,,,,-0.779,,,,,,,,,,1.212,1.0,0.0,,,,,,,,,,,,,,,,,,1
,,,,,,,,,6.0,0.0,,3.932,,,18.0,,,,,0.0,,,0.0,,,,,,,2.891,0.0,,0.0,,,,,,,,1
5.332,,,,,,,,,,,-2.172,,,,,,,0.0,,,,,,,0.0,2.315,0.0,,,,,,,,,,,,,,1
,4.4958,,,,,,,,2.0,0.0,,,,,,,,,,,,,,,0.0,2.205,-0.025,,,,,,,,,,0.0,8.085,,,1
,,,0.0,,,,,2.0,,,-0.741,3.059,,,,,1.145,,0.0,,,,,,,,,,,,,,,,3.822,3.087,,,,,1
,,,,,1.0,0.0,,,,,,3.438,,10.026,0.0,,,,,,1.244,,,,0.0,2.175,,,,,0.0,,0.0,,,,,,,3.0,1
,,,0.0,,2.0,,,,,,,3.468,,,,,,0.0,,,1.132,,,,,,,,11.395,,,,0.0,,,,,,,,1
,,,,,,,,,,,,5.191,4.189,,,,,0.0,0.0,,,,,,,,,,,7.261,0.0,,,,,,0.0,,,,1
,,,,,,0.0,,,,,-0.561,,1.686,,,1.007,,0.0,,,,0.0,,,0.0,,,0.0,,,,,,,3.567,,0.0,,,,1
,,,,0.0,,,,,1.0,0.0,,,0.811,8.318,,1.005,,,,,1.288,,0.0,,,,-0.557,,,1.0,,,,,4.218,,,8.637,,,1
,,0.0,,0.0,,,,,,,,,,,5.0,1.014,,,0.0,0.0,,,,,,,,,,,,,,,,,0.0,,,,1
,4.0038,,,,,,,,,,,,,,0.0,1.002,1.157,0.0,,,,,,,,2.0,-0.083,,,,,,4.0,3.0,,,,8.427,0.0,0.0,1
,4.3883,,1.0,,,0.0,,,,0.0,,2.946,,,,,,,0.0,0.0,,,,0.0,0.0,,,,,,,0.0,,4.0,,,,,,,1
4.17,,,0.0,,,,,,,,,,,,,,,,,,,0.0,,0.0,,,0.387,0.0,,1.542,,,,,,,,8.452,,,1
5.262,,,,,0.0,0.0,,,,,,,,,,,,,,,,,0.0,,0.0,,,,,2.369,,,0.0,,,,,,0.0,,1
,,3.0,,0.0,,,,,,,-1.009,,,10.651,,,,,,,,,,,,,,,23.28,,,,0.0,,,,,9.752,,,1
,,,,,0.0,,,,,,,,,,,0.986,,,0.0,,,,,,,,,,,5.313,0.0,0.0,,1.0,,,,,0.0,,1
,,3.0,0.0,,,0.0,,,,,,3.465,,,,1.048,,,,1.0,1.264,,,1.0,,2.303,,,,,,,,,,,,8.986,,,1
,5.6107,1.0,,,,,,,,6.0,,,2.388,10.649,,,,0.0,,,,,,,,,,,,,0.0,,,0.0,4.075,,,9.047,,,1
,,,,0.0,0.0,,,,,,,,,,,0.989,,,,,,,0.0,,0.0,2.292,,,0.0,,,,,,,,,,,,1
,4.066,,,,,,,,,,,4.229,,,,,,,,0.0,,,,0.0,,,,0.0,,1.164,,,,,6.874,,,12.258,,,1
,,,,0.0,0.0,,,,,,,,1.891,,,0.998,,0.0,,,,,0.0,,,2.053,,,,,,,3.0,,,,,,,,1
,,,,,,,,,,,,,,,,,1.151,,,0.0,,,,0.0,,,,,,,,,,,3.304,2.469,,,,,1
,,,,0.0,1.0,0.0,,,,0.0,,,,,,0.986,,,,,,,,,,,,,,1.985,,,,,,,,7.704,,,1
,,,,0.0,,,,,,,-0.426,,,,,,,,,,,0.0,,,,,,,10.143,,,,,,,,,,,0.0,1
,,,,,,,,4.0,,,0.15,,,,,0.969,,,,,1.294,,,,,,,,12.585,,,,,0.0,,,,,,,1
,,,,,,,,,3.0,,,,,,,0.993,,,,,1.239,,,,0.0,,,,,,,,,0.0,,,,,0.0,,1
,2.9284,,,,,,40.7,,,0.0,0.0,,,10.315,,,,,,,,,,,0.0,,,,,,,,,,3.641,,,8.128,,,1
4.923,,,,,,,,,,,,,,,,,,0.0,,0.0,1.268,,,,,,0.015,,,,,,,,,,,,,,1
,1.8876,,0.0,,0.0,,40.0,,,,,,,,,,1.128,0.0,,,1.269,,,,,2.283,,,,,0.0,3.0,,,,1.856,2.0,,,,1
,3.1875,,,,,2.0,,,,,,,,,,,,,,0.0,,,,,,,0.043,,,,,,2.0,2.0,,,,,,,1
4.562,,,0.0,,,,,1.0,,,,,,9.54,,,,,,,,,,,0.0,,,,,,0.0,1.0,,,,,,,,0.0,1
,,,0.0,,0.0,,,,,,,,,,,,,0.0,,,,,0.0,,,,,0.0,,,,,,,,,1.0,8.55,,0.0,1
,3.0136,2.0,,,,3.0,,,,,,,,,2.0,1.022,,,,,,,0.0,,,,,0.0,,,,,,,4.05,,,,,,1
,,,,,0.0,,,,,,,,,,,,,,,,1.264,,,,,,,,,,,,,,,,,,,,1
,2.3963,,,3.0,,,,,,2.0,,,,,,,,,,0.0,,,,,,2.157,,,,,,,,,,,2.0,8.005,,,1
,3.7647,0.0,,,,3.0,,,,,,,,,8.0,1.083,,,,,,,,,0.0,2.338,,,,,0.0,,,,,,,8.92,0.0,,1
,,,,,1.0,,,,,,,4.091,,11.059,,,,0.0,,,,1.0,,,0.0,2.479,,,,2.168,,,,,,,,,,,1
,,,,1.0,,1.0,42.9,0.0,,,,3.193,,9.642,,1.037,,,,,,,0.0,,,2.194,,0.0,20.013,,,,2.0,,,3.074,,,,0.0,1
,,,,,,3.0,,,,,,,,,,1.084,,,,,,1.0,,,,,,0.0,,,,3.0,,0.0,,,,,,,1
,,2.0,,1.0,,,,0.0,,,,,,,,,,,,,,,0.0,,,,,,,,0.0,3.0,,,,,,,,,1
,,,,,,,,,,,,,0.0,,,0.989,,,,0.0,,,0.0,,,2.236,0.001,,,2.829,,,0.0,0.0,,,,,,,1
,3.17,,,,,,,,,,0.0,3.011,,,,,1.13,,0.0,,,,,,,,,,,,0.0,,,,,,,,,,1
,,,,,,,,,,,,,1.604,,,,,,,,,,,,,,,,,2.731,,2.0,,,,,,,0.0,0.0,1
,3.3837,0.0,0.0,,0.0,2.0,40.0,,,,,3.299,,,6.0,,,,,,,,,0.0,,,,,,1.74,,,2.0,,,3.333,,,,0.0,1
,,,,,,,,0.0,,,0.0,3.817,,,,,,0.0,3.0,,,,,0.0,,,,,,,,4.0,,,,,,,,,1
,,,0.0,,0.0,,,,,,,,,,,,1.103,,,,,,,,0.0,,-0.026,,,,,,,,,2.802,0.0,,0.0,2.0,1
5.019,3.2862,1.0,,,0.0,,,,,3.0,,,,,7.0,1.029,,,0.0,,,,0.0,,,,,,,,,,,,,,,,,,1
,,,,,,,,,,,,,,,2.0,,1.095,,,0.0,,,,,,,,,,,,,,,,,,,,,1
,2.4916,,,,0.0,6.0,,,,,,,,,,,,0.0,,,,,,,,,,,,,0.0,,,,,2.389,,,,,1
,3.2512,,0.0,0.0,0.0,,,,1.0,,,,,,,1.022,,,0.0,,,,,,,,,,,1.358,0.0,1.0,,0.0,,,,,,,1
,,,,,,,,1.0,,0.0,,,,,1.0,,,,,,,1.0,,,,,,,10.53,,,,,,,,,,0.0,0.0,1
,,,,,,,,,,,,,3.61,,,,1.134,0.0,0.0,,,,,,,,,,,10.844,,,0.0,0.0,,,0.0,,,0.0,1
,3.0581,0.0,,,,,40.7,,2.0,,,,1.23,,4.0,,,,,,,1.0,,,,,,,,,,,,,3.743,,,,0.0,,1
5.107,2.9658,,,0.0,,,,,,,,,,,8.0,,,,,,,1.0,0.0,,,,,0.0,,3.439,,,0.0,,,2.47,,,,,1
,,,,,,,,,,,,,,,,,1.127,,,,,,,0.0,,,,,30.73,,0.0,,2.0,,,,,8.704,,0.0,1
,,,,0.0,,,,,,,-0.117,,3.682,,,,,0.0,,0.0,1.225,,,,,,0.0,,,,,1.0,,1.0,,,0.0,,,0.0,1
,3.3085,0.0,,,,,,,0.0,,,,,,,,,,0.0,,,1.0,,,,,,,,1.436,,,,,,,,,,,1
4.914,,,,,0.0,,,2.0,3.0,,,,,10.632,,,,,,,,,,,,,,,,4.181,0.0,,,,,,,,,,1
,,,,0.0,0.0,,,0.0,,0.0,,3.22,,,0.0,,,,,,,1.0,,,0.0,,0.003,,,1.244,0.0,0.0,,,3.009,,,,,,1
,,,,,,,,,,,,,,,,,,,,,1.421,,0.0,,0.0,,,,,,,,,,,,,,,,1
,,,,,,,,,,0.0,0.0,,2.513,,,,,,,,1.261,,0.0,,,,,,,,0.0,,,,,1.893,,,,,1
,,,0.0,2.0,,,,0.0,,,0.0,3.817,,,,,,0.0,0.0,,1.321,,,,,,,,,,,,,,4.702,,,,0.0,,1
,,0.0,0.0,3.0,,,,,,,,,,,3.0,1.011,,0.0,,,,,,,,,-0.002,,10.696,,,,,,,2.59,,8.47,,,1
,2.7457,,0.0,,0.0,8.0,,,,,,5.261,0.749,10.806,,,,,0.0,,,2.0,,0.0,,,,,,,0.0,,,,,,0.0,,,6.0,1
,,,,,,2.0,,,,,,,1.273,,,,,,0.0,0.0,,,,,,,,,10.38,,,,,,3.708,,1.0,,,,1
,3.2952,0.0,,2.0,0.0,,,,3.0,,,,,,,,,,,,,1.0,0.0,0.0,,,,0.0,,,,,,,,,,,,,1
,,,,0.0,,,,,,,0.0,4.191,1.113,10.865,,,1.099,0.0,0.0,,,,,,,,,,,,,,,0.0,,,0.0,,,,1
,,,0.0,0.0,0.0,4.0,,2.0,,0.0,,,,10.411,,0.969,1.11,0.0,,,,,,,0.0,2.384,,,,2.266,,,0.0,,,,,,,,1
,,,,,0.0,2.0,,,,0.0,,3.753,0.0,,,,1.114,,,,,,,,,,,0.0,,,2.0,,,,,,0.0,,,0.0,1
5.075,,,,,,,,,3.0,,,,,,,,,,,,,2.0,,,0.0,,,,,,0.0,,0.0,,,,,,,,1
5.459,,,,2.0,,,,,,,,,,,,,1.113,0.0,,,1.28,,,,,2.462,0.0,,,,,,2.0,,4.748,2.906,,,,,1
,2.9948,,,,,,,,,,,,,10.837,,,,,,,1.254,,,0.0,0.0,,,,,,,,,,,,,,,0.0,1
,,,,2.0,0.0,,,,,,0.0,,1.024,,,,,,,,,,0.0,,,,,,,,,3.0,,,,,,,,,1
,,0.0,,,0.0,6.0,,,,,,,,,,1.038,,,,,1.222,,,,,,,,,2.924,,,,,,,,,,,1
5.164,,,,0.0,,,26.7,,2.0,0.0,,3.083,,,,,,0.0,,,,,,,,,-0.072,,,,,0.0,,,4.66,,0.0,,,,1
,,,,5.0,,,,,0.0,4.0,,,,,,,,,,0.0,,,,,,,,,,,,0.0,,1.0,,,,,,,1
,,,,,,,33.3,,,2.0,,3.052,,,,,,,,,,,,,0.0,,,,,1.14,,,,,,3.292,2.0,8.026,,0.0,1
5.062,,,,,0.0,,,,,27.0,,4.146,,,12.0,,,,,,1.137,,,,,,,,,,0.0,,,,3.83,,,,,0.0,1
,,,,,,,,,,4.0,,,0.881,,,,,,,0.0,,1.0,0.0,,,,,,,,,,0.0,,,,,8.76,,,1
,,,,,,5.0,,,,,,,,,,1.002,,0.0,,,1.304,,,,,,,,,,,,,2.0,,,,,,,1
,,,2.0,16.0,,,41.9,,,,,,,,,,,,,,,,,,,,,0.0,50.918,,,,,,4.016,,,10.274,,,1
,3.4245,,,,0.0,,,,,,,,,,,,1.116,,,,,,,,,,,0.0,0.0,,,,,,,,,,,,1
,2.7726,,,,0.0,,,,3.0,,,,,,,,,0.0,,,,,,,,,0.0,0.0,,,,,,,,,,,0.0,,1
,,,,,,,36.4,,,0.0,0.0,,,,9.0,1.02,,,0.0,,,,0.0,,,,,,,,,,,,,,,9.538,,0.0,1
,,,,,,,,3.0,,,,,,,,1.031,,0.0,,,,6.0,,,0.0,2.527,,,,3.172,,,,,,,4.0,,,0.0,1
,,,0.0,,,2.0,,,5.0,,,,,10.299,7.0,,,,,,,,,,,,,,,,,,,,,,,,,,1
3.618,,,,,,0.0,,,,,,3.679,,7.853,0.0,,1.131,,,,,,,,0.0,1.732,,,,,,0.0,,0.0,,,0.0,,,2.0,1
3.0,,,,,,,,,,,,,,,,,,,,,,,,,,,,0.0,0.0,1.333,0.0,,,,,,,,,,1
5.051,,,,2.0,,,,2.0,,,,,,,,,,0.0,,,1.141,,,,,,,,11.784,,,,,,,2.435,,,,,1
4.876,,,,,,,,,,,,,1.193,10.053,,,,,,,,,,0.0,,,,,,,,0.0,,,,,,,0.0,,1
,,,,,,2.0,,,,,0.0,,,,4.0,,,,,,,,,0.0,0.0,2.288,,,,1.602,,1.0,,,,,,,,0.0,1
5.418,,10.0,,,0.0,,54.5,0.0,,,,4.608,0.72,,,,,,0.0,,,,,,,,,,0.0,,0.0,,,,,,,,,,1
,,,,0.0,,,30.4,,,,,,,,,0.96,,,,,1.195,,,,,1.848,,,,,,,0.0,,,,,6.741,,,2
3.0,,0.0,,,,,,,,,,,0.0,,,,,0.0,0.0,,,1.0,,0.0,0.0,,,,,0.444,,,0.0,0.0,,,0.0,,,,2
,,,,,0.0,1.0,,1.0,,,,,,,0.0,,1.111,,,,1.323,,0.0,,,,-0.074,0.0,,,0.0,,,,,1.952,0.0,,,0.0,2
,,0.0,,2.0,,,28.6,,,2.0,,,,,,,,0.0,0.0,,,,,,,,,,,,0.0,,,,,,1.0,,,,2
,,,0.0,,1.0,,,,1.0,,,,,10.165,,,1.136,0.0,,0.0,,,,,0.0,,,,0.0,3.341,,0.0,,,,,,,0.0,0.0,2
,,,0.0,,0.0,,,,,,,,,,,,1.151,,,0.0,,0.0,,0.0,0.0,,,,0.0,,,,,1.0,,,,,,,2
,,,,,,,,,,,0.0,,,,1.0,,1.144,,,,,,,,,,,,,,,,,,,2.8,,6.889,0.0,,2
,,,,,,,,,,,,,,,,,1.146,,0.0,,,,,0.0,,,,0.0,10.299,,,,,1.0,,2.927,0.0,,,,2
4.404,,,,,,0.0,,,,0.0,,,,9.589,,,,,,,,,,,,2.053,0.015,,21.015,,,,,,,,,,,,2
4.56,,,,,,,,,,,-0.945,,,,,,,0.0,,,,,,,,,,,23.321,,,,,,,,,,0.0,0.0,2
4.383,,,,,,,,1.0,,,,,,,,,1.142,,,,,,,,,,,,,,0.0,,,,3.329,2.214,0.0,,,,2
,,,,,,,,1.0,0.0,,,,,,,,,,,0.0,,0.0,0.0,0.0,,,,,,,0.0,,,0.0,3.24,,1.0,,0.0,,2
,,2.0,0.0,,0.0,,46.7,1.0,0.0,,,,,,0.0,,,,,,,,0.0,1.0,0.0,,-0.025,,,,,0.0,,,3.981,,,,,,2
4.783,,,,,,,,,,,,,,,,,1.122,0.0,,,,,0.0,,,,,,,,,,,,3.674,,,,,,2
,,,,,,1.0,,,,,,,1.125,,,,,,,0.0,,1.0,,,,2.136,0.044,0.0,,,,0.0,,,,,,,0.0,,2
,,,,,0.0,,,0.0,,0.0,0.0,3.404,,10.027,,1.018,1.123,,,0.0,1.219,,0.0,,0.0,,,0.0,,1.541,0.0,2.0,,0.0,,2.583,,,0.0,,2
,,,,,,,,,,,,,,,,,1.116,,0.0,,,,,,,,,,10.312,,,,0.0,,,,,,,,2
,,,,,0.0,,,,,,,,,,,,,,0.0,0.0,,1.0,,0.0,,,0.014,,,,0.0,,,,,,,,,,2
,,0.0,,,,,37.5,,,,,,,,,,1.13,,0.0,,,,,,0.0,,,,,,,,,,,,,8.711,,,2
,3.1387,0.0,,,,,,0.0,,,,3.168,,,,,,,,,,,,,,,,,,1.544,,,,1.0,,2.87,1.0,,,,2
,3.4001,,,,,2.0,,,3.0,,,3.493,,,,,,,,,1.257,,,,,,,,,,,1.0,0.0,,,,0.0,,,,2
,3.0853,,,0.0,,,44.4,0.0,,,,,,,4.0,,,0.0,,,,,0.0,0.0,,,,,,1.783,,1.0,0.0,0.0,3.664,,,,,,2
,,0.0,,,,,34.2,,,,,,,,6.0,,,,,0.0,,,0.0,,,,,,,,,,0.0,,,,0.0,,0.0,0.0,2
,,,,0.0,,,,,,0.0,,,,8.412,,,,,,,,,,,1.0,,,0.0,,,0.0,,,,,,,,,,2
,,0.0,,,0.0,,,,1.0,,,,,,,,,,0.0,,,,,,,,,,,,,,,,,,,,,,2
,2.4884,,,,,0.0,,,,,,2.57,1.585,8.16,,,,,,,1.247,,,,,,,,,,,,0.0,,,,0.0,,,,2
,2.4305,,,0.0,,,27.3,,,,0.0,3.494,,,0.0,,1.137,,,,,,,,,,,,,,,,,,,,,,,1.0,2
,2.2408,,0.0,,,,,,,,,,,,,,,,,,1.133,,,0.0,,1.732,,0.0,,,,,,,,,,,,,2
,,,,,,,31.4,,1.0,,,,,,,,,,,,1.187,,,,,1.97,,,,6.909,,,,,,,,,,,2
,2.5915,,,,0.0,,,1.0,,,,,,,,,1.16,,,,,,,0.0,,,0.402,,,,,,,,2.919,2.9,,,0.0,,2
4.228,,,0.0,,0.0,,,,,,-0.193,,,,2.0,,1.147,,0.0,,,,,,0.0,,,,,2.535,,,,,,,,,,,2
4.236,3.0679,,0.0,,0.0,,,,,1.0,,,,10.042,1.0,,,0.0,,,1.209,0.0,,,,,,,,,,0.0,,,,,,,,,2
,,,,,0.0,0.0,,,,,,,,9.464,,1.036,,,,,,,,0.0,0.0,,-0.027,0.0,,,,,,2.0,,,,,,,2
,,,,,,,,,,,,,,,3.0,1.021,,,0.0,,,,,,,,0.05,0.0,,,,0.0,,,,,,7.785,,,2
4.655,,0.0,,,,,,,,,-0.11,,1.761,,,1.013,,,,,,0.0,,,,,,,10.614,2.989,0.0,,,,,,,8.001,,0.0,2
,,,,,0.0,0.0,,,,,,,,9.011,2.0,,,0.0,0.0,0.0,,,,,,1.95,,,9.753,,,,0.0,,3.444,3.083,,7.828,,0.0,2
4.691,,,,,0.0,,,,,,,,,,6.0,,1.139,,,0.0,,,,,,,,,,,,,,,3.564,,0.0,8.128,,,2
4.495,,,,,,,,2.0,3.0,,,,,,,1.007,,0.0,,,,,0.0,,,,,,,,,,,0.0,,,,,,,2
,,0.0,,1.0,,,,0.0,,,,,0.802,9.183,,,,,,0.0,,,0.0,,,,,,0.0,,,,,2.0,,,,,0.0,0.0,2
,,,0.0,0.0,0.0,,,,,,,3.474,,,,,,,,,,,,,0.0,,,0.0,,,,,0.0,,3.6,2.462,,8.445,,,2
,,,,,0.0,1.0,,,,0.0,,,,,1.0,,,,,,,,0.0,,,,-0.024,,,,,0.0,0.0,,,,,,,,2
,,,,,,,,,,,,3.124,0.0,,,,,0.0,0.0,,,,,,,2.348,,0.0,,,,,,,,,,,,,2
,,,0.0,,,,,0.0,,,,,1.911,,,,,,0.0,,,1.0,,,0.0,,,,,,,,,,,,,8.485,,0.0,2
4.953,,,,1.0,0.0,,,,,,,,,,,,,,0.0,,,,,,,2.288,,,,,,,,,3.736,,,,,,2
,2.5728,,,,,0.0,,3.0,,,1.477,,,,,,,,0.0,0.0,,1.0,,,,,,,,,,,,,,,,,,,2
4.774,2.8791,,,,,,45.0,,,,0.209,,1.461,,,0.987,,,,,,,,,,,,,,,,0.0,,,,,,,,,2
,,,,,0.0,,40.0,,,,,3.433,,,10.0,,,,0.0,0.0,,,,0.0,,,,,32.786,1.482,,,,,,,0.0,,,,2
,,,,,,,,,,,,,,,,1.043,,0.0,,,1.008,,,,,2.189,-0.027,,0.0,,0.0,0.0,,,,,,7.66,0.0,,2
,,,0.0,,0.0,,,,,,-0.271,,,,6.0,,,0.0,,,1.277,2.0,0.0,,,,,,,,0.0,,,1.0,3.73,2.458,,,,,2
,,0.0,,,,,,1.0,2.0,,,,1.459,8.755,,,,0.0,,,,,,,,,-0.255,,,,,0.0,1.0,,,,,,0.0,,2
,2.6225,1.0,,,0.0,,,,,,,,,,,,,,0.0,,,,,,,,0.037,0.0,,,0.0,,,,,,,7.944,,,2
,,,,,,0.0,,2.0,,0.0,,2.597,,,,,,,,,1.077,,,,,,,,0.0,,,0.0,,1.0,2.961,,,,,,2
,,0.0,,,0.0,,33.3,1.0,,0.0,,,,,,,,,,0.0,,,,0.0,,,,,,,,0.0,0.0,,3.329,,,,,,2
,,,,,,,,,,,,,,,3.0,0.979,1.142,,,,,0.0,,,,2.017,,,10.797,,,,,,,,,,,,2
,3.3851,,,,,,,,,0.0,,3.013,,,,,1.149,,,,,,,,,,-0.092,,,2.682,,,,,,4.042,,,0.0,,2
,3.6524,,,0.0,,,,,,,,,,,,,,,,0.0,,,,,,,-0.089,,,2.682,,,,,3.423,,,,,,2
,,,,,,0.0,,,7.0,,,,,,,,,,,,,,,,,2.327,,,30.485,,0.0,,0.0,,,,,8.471,,,2
,,0.0,,,0.0,0.0,,,,,,,,,6.0,,,,,,1.036,0.0,,0.0,,,,0.0,,,,,,,,,0.0,8.152,0.0,,2
4.17,,,,0.0,,,,,,,,2.4,,,,,,,,,,0.0,,,0.0,,,,,,,,,,,,,6.702,,,2
,,,0.0,,,,,,,,,,1.258,,,1.053,,,,,,,,,0.0,,,,20.669,2.113,,,,,,,,,,,2
,2.7667,0.0,,,0.0,,,,,,0.0,3.137,,,,,,,0.0,,1.339,,,,,,,0.0,,,,,1.0,,,2.407,,,0.0,,2
,2.4954,,0.0,,,,,,,,,3.133,,,,0.964,,,,,,,,,0.0,,,,,,1.0,,,,,,,,,0.0,2
4.739,,,,,,,35.7,,,0.0,,,1.695,9.972,,,,,,,,,,,0.0,,,,11.089,2.815,,,,0.0,3.547,,,,,,2
,,,0.0,0.0,,0.0,,,,,0.0,,1.522,,0.0,,,,0.0,,1.079,,,,0.0,,,,,,,,,,,,,,0.0,0.0,2
,,,,,,0.0,,,,,,,,,0.0,,,,,,,0.0,,,0.0,,,0.0,,,,,,,,2.685,,,,,2
,3.2139,,,,,0.0,,,,,0.0,,2.55,9.002,,,1.154,,,0.0,,,,0.0,,,,,,4.489,0.0,,,1.0,,,,,,,2
,,,,0.0,0.0,,,1.0,,,,,0.971,,,,,,,,,,,,,,0.442,,,1.542,,,,,,,,,,,2
,,,,,,,,,,0.0,,,3.02,,,,1.132,0.0,,0.0,,,,,,2.351,0.0,,24.704,,,,,,,,,,,0.0,2
,,,,,,,,0.0,,,,,,,,,,,,,,,0.0,,,2.373,,,,,,,,,,,,,,,2
,,,,0.0,,,,,,,,,,,2.0,,,0.0,,,,,0.0,,,,,,0.0,1.207,,,,,,,,,,,2
,,,0.0,0.0,,,,,0.0,,,,,,,,,,,,,,,0.0,0.0,,,,,,,,,,,2.167,1.0,,,,2
4.977,,,,,0.0,,,,,,,,,,,,,0.0,,,,,,,,,,,11.629,,,,,,,2.458,,,,,2
,4.6405,,,,8.0,,,,,,,,,,,,1.365,0.0,,,,,,,,,0.0,0.0,,,,,,,,,,,,,1
,1.8789,,,,,0.0,,,,,,,,,,,1.103,,0.0,,,,,,,,,,0.0,,,,,0.0,,2.355,,9.843,0.0,,1
5.437,,,,,,,,,,,,,0.954,,,,,0.0,,,,,0.0,,,2.424,,,0.0,2.444,0.0,2.0,0.0,0.0,4.252,,0.0,,,5.0,1
,,,,,2.0,6.0,40.8,,,,,,,,,,,,0.0,0.0,,,,0.0,,2.506,,,,,0.0,,,,4.02,2.104,3.0,,,,1
5.462,,1.0,,11.0,,,,,,,,,,11.392,,,,0.0,,,1.298,4.0,,,,,,,0.0,,,,,,,2.171,,9.454,0.0,,1
,2.4353,,,,,,45.5,,0.0,,,,,,,,,,,,,6.0,0.0,1.0,,,0.0,,0.0,0.955,,,0.0,,,,,,0.0,,1
,,,,,,,,,0.0,0.0,0.0,,,10.434,,,,0.0,,,,1.0,0.0,1.0,,,,0.0,,,,,,0.0,,2.722,,,0.0,6.0,1
,,,,,,0.0,,,,,0.0,,,,,,,,,,,,,,,,0.166,,,1.435,0.0,,0.0,,,,,,,,1
,,,,,,,,,,0.0,,,,,,,,,,,,,,0.0,,2.0,,,0.0,,,,,,,,,,0.0,,1
,3.4665,,,,0.0,,21.4,,1.0,,,2.66,1.459,8.815,,1.013,,,0.0,,,,,,,,,,,1.745,,,,,,,,,,0.0,1
,,,,,,,30.0,,,,,,,,,1.087,1.13,0.0,,,,,,,,,,,,,,,,2.0,,,,,,2.0,1
4.895,,1.0,,,0.0,3.0,,0.0,2.0,,0.0,,1.16,,,1.059,1.137,,,,,1.0,,,,2.292,,,,,,3.0,,,,3.192,,8.892,,,1
,,,,,,,,,,4.0,,3.45,1.258,,,,,,1.0,0.0,,,,,,,,,20.579,,,,,,,,,,0.0,,1
4.86,,1.0,,,,,40.0,,,0.0,,,,,,,,,,,,,,,0.0,,-0.008,,,,,,0.0,0.0,,,,,,1.0,1
,,,,0.0,0.0,,,1.0,1.0,,,,,,,,1.11,,,,,,0.0,,,,0.013,0.0,,,,,,,,,0.0,,,,1
,3.5441,,,5.0,,,,,,,,3.486,1.258,,,,,0.0,,0.0,1.254,1.0,,,,,0.005,,,,,,,,,,,,,,1
,,0.0,,,,,50.0,,,,,,0.875,,,,,,,,,1.0,,,,,,,,,0.0,,,,,3.417,0.0,,,,1
4.919,,0.0,,,,,,0.0,,,,,,,,,,,,,,6.0,,,,2.399,,,0.0,,,,8.0,,,1.919,,,,,1
,1.7433,,,,,,,,,12.0,-1.781,,,,,,,,,,,,0.0,0.0,,,,,,,,,,,,,3.0,,,,1
5.22,2.6213,0.0,,,,5.0,,,,,,,,,,,,,0.0,,,,,,,,,0.0,,,,,0.0,0.0,,,,,0.0,,1
,,,,,,,40.9,,,,,3.413,0.799,10.366,,,,,,,,,,0.0,,,,,22.148,,,0.0,,,,,,,0.0,0.0,1
,,,,,,,,2.0,,,,,,,1.0,,,,0.0,,,,,0.0,,,,,,4.437,0.0,,,1.0,,,,,,,1
5.218,4.3575,,,,,,,4.0,3.0,,,,,,,,,,,0.0,1.2,0.0,0.0,0.0,,,,,12.174,4.797,,,0.0,,,,,,,0.0,1
4.377,,,,,,0.0,28.6,,,,,,2.246,,,0.968,,,,0.0,,,,0.0,,,,,,,,,,,,,,14.025,,,1
,3.1657,,,0.0,,,42.9,,,,,,,,,,1.119,,,0.0,1.331,,,0.0,,,-0.023,,,,,,,,,1.889,0.0,,,,1
4.517,,1.0,,0.0,,1.0,,1.0,,,0.0,,,,,0.986,,,,,1.311,,,,,,,0.0,0.0,,,,,0.0,,,,,,,1
,,,0.0,,,2.0,,,0.0,,,,,,,,,0.0,,,,1.0,,,0.0,,,,,,0.0,,,,,,,,,,1
,,1.0,,,,,,1.0,,0.0,,3.192,0.875,,,,1.107,,,,1.346,,0.0,,,,,,,,0.0,1.0,0.0,,,,0.0,,,,1
,,,,,,,,,,0.0,1.066,,,,,0.986,,,,,,,,1.0,,,,,,,,1.0,,0.0,,2.211,,8.62,,,1
,,,,,,,,2.0,0.0,2.0,,,,,,,,,0.0,,,,0.0,,,,,,,,,,,,3.603,1.879,,,0.0,,1
,,,,1.0,0.0,3.0,,,,2.0,0.0,,,,,,,,,,,,0.0,,,,,,,,,,,,,,,,,,1
,,,,,,,,,0.0,2.0,0.0,3.653,,,,1.052,,,,,,1.0,0.0,,,2.307,,0.0,,,,4.0,,2.0,4.103,,,,0.0,3.0,1
,,,1.0,,0.0,,48.0,,,8.0,,,,10.242,,,1.115,,0.0,,,,,0.0,,,,,,,0.0,,,,,,2.0,8.668,0.0,,1
,2.2683,,,,,,,2.0,,,,,2.885,,,,,,,,,,,,,,,0.0,0.0,,0.0,,,,3.725,1.8,,,,0.0,1
5.006,,,,,,3.0,,,5.0,,,,,,,,,,,,,,0.0,,,,,,,,,,,,,,2.0,,,,1
,3.3157,,,0.0,,,,1.0,,,,,0.881,,,,,0.0,,,,,,1.0,0.0,,,,,,,,0.0,,3.903,2.568,,,,,1
,,,0.0,,,,,,1.0,,,,0.861,10.06,,,,,,,,,,,0.0,,,,0.0,,,,,,,2.9,,9.154,0.0,,1
,,,,,,,,,,,,,,,,1.066,,0.0,,,,,,1.0,,,,,,,,,,,,,0.0,11.635,,,1
,,,,,,,,,,,,,,,,,,0.0,,,,,1.0,,0.0,,,,,,,,,,,,0.0,12.279,,,1
,,,,6.0,,,50.0,0.0,,,,,0.465,,,,,0.0,,,1.269,,0.0,0.0,0.0,2.283,,,,,0.0,,,0.0,,,,,,0.0,1
,,,,0.0,2.0,,,,,0.0,,,,11.012,,,,,,0.0,,2.0,,,,,,,,,0.0,0.0,,0.0,,,0.0,8.847,,,1
,,0.0,,0.0,,,,,,,0.0,2.924,,9.311,,,1.125,,,,1.266,,,,,,,,,1.481,,0.0,,,3.304,,,,,,1
,2.4699,,0.0,,,,,,,,0.0,,,10.099,,,,0.0,,,,,,,,,,,0.0,,,0.0,,,,,,,,,1
,2.2854,,,0.0,,,,,,,,,,,,,,,0.0,,1.311,,,,,,,0.0,,,,,0.0,,,,,,,,1
,2.4109,,0.0,,,,,,0.0,,,3.66,,,,,,0.0,,,,2.0,0.0,0.0,,2.366,,0.0,,,,,,,,,,,,,1
,,0.0,0.0,,,,,,,0.0,,,0.703,10.717,,,1.11,,,,,,,,,,0.0,0.0,0.0,,,,,,,,,8.7,,,1
,,,,,,,,,,,,,,,0.0,,,,,,,,,,,,,,,,,,,0.0,,,,,0.0,,1
5.026,2.9255,,,,,,50.0,0.0,,,,,,10.138,3.0,0.988,,,,,,,0.0,,,,-0.002,,,,,1.0,,,,,,,,,1
,,,,,,,,,,,-0.114,3.928,,,,,,,,,,6.0,,,,,,,,,,,0.0,,,,,,,0.0,1
5.318,,,,,,,,0.0,2.0,,,,,,,,,,0.0,0.0,1.325,,0.0,,,2.508,,,,1.393,0.0,1.0,,,,,0.0,,,,1
4.91,,,,,0.0,,,,,,,,,,0.0,,,0.0,,,,,,,,,0.004,0.0,,,,1.0,,,3.921,,,,,,1
,,0.0,,,,,54.5,,0.0,,,,,,,,,,,,,,,,,,,,,,,,,,,,1.0,,,0.0,1
,,,,,,,,1.0,,,,,,,,,,0.0,,,,,0.0,,,,,,,,0.0,,,,3.696,,,8.888,,,1
,2.6126,,,,,6.0,,,,0.0,,4.037,0.732,,,,1.097,,,,,,,,,,0.0,,,,,6.0,,,,,0.0,9.422,,,1
,,2.0,,,,,,,,,,,,,,,1.143,,0.0,,,,,,,,,,,,,,,,3.618,,,,0.0,,1
4.77,,,0.0,,,,,0.0,2.0,,,3.288,,,,,,,,,1.224,,,,,,,,,,,2.0,,,3.832,,,8.506,,,1
,3.0393,,,,,,,,,,,,1.733,10.236,,,,,0.0,,,,,,,2.305,,,,2.585,,0.0,,,,,,8.44,,,1
,,,,,,,60.7,,,,0.134,3.865,,,,,1.082,0.0,,,,,,,,2.551,0.0,,,,,0.0,0.0,,4.038,,,9.074,,0.0,1
,,,,,,0.0,,,,2.0,0.254,,,,,,1.143,,,,1.195,,,,,,,,11.274,,,,,,,,,,,0.0,1
4.802,,,,,,,,,0.0,,,3.325,,,,,,0.0,,,,3.0,0.0,0.0,0.0,,,,,0.95,,,,,,2.019,1.0,8.879,,0.0,1
4.17,2.7612,,,,,,,,,,,3.002,,,,,,,,,,,,,,,,0.0,,1.542,,,,,,,,,,,1
,,0.0,,0.0,8.0,,,,,,,4.347,,12.012,1.0,1.235,,0.0,,,,0.0,,,,,,,,,,,,1.0,,,,,0.0,,1
5.541,,4.0,0.0,,,,,,,,,4.127,,,,,,,,,,,,,,,0.0,,,2.051,,,,,,2.994,2.0,9.951,,,1
,2.6427,,,,,,,0.0,,,,,,,,,,,,,,,0.0,,,2.471,,,,,,,,,,,,8.661,,,1
,2.2521,1.0,,,,,,,0.0,,,,,,,,1.093,,,,,3.0,,,0.0,,,,,,,,,,,,,,,,1
,,0.0,,,,,,3.0,,,0.0,,,9.292,,,,,,0.0,,0.0,,,,,,,,,0.0,,,,,2.9,,,,,1
,,,,,0.0,,23.1,,,,,,,,,,,,,,,,,,,,,,,,,,0.0,,,,1.0,7.41,,0.0,1
,,,,0.0,,0.0,,,,,-0.08,,,10.249,,1.021,,,,0.0,1.287,,0.0,,,,,,,3.06,,0.0,,,4.819,,,,,0.0,1
4.953,,,,,,,,,,,,,,,,,,,,,,2.0,,,,2.343,0.0,,0.0,,,,,,,,1.0,,,,1
,,,,,0.0,,,,,,,,,,,,1.128,,0.0,0.0,,,,0.0,,,,,0.0,,,,,,3.702,,1.0,8.928,,,1
,,,0.0,3.0,,,,,,,,,,,,,,,,,,,,,,,,,,,0.0,1.0,1.0,2.0,,2.932,,,0.0,,1
,,,0.0,,,6.0,41.5,,,,,,,11.313,,,1.117,,,,,,,,,,,,,,,3.0,,,,,,,0.0,,1
,,,,,,,35.3,0.0,,,,,,,4.0,,,,0.0,0.0,,,,,,,,,21.221,,,,,,,,1.0,,0.0,,1
5.187,,,,,,,43.5,,3.0,,,,,10.68,8.0,,,,,0.0,,,,,,,,0.0,,1.14,,,,,,2.564,,,0.0,,1
,,,,,,,,,,,,,,,,,,,,0.0,,2.0,0.0,,0.0,,,,,,,,,,,,,,,2.0,1
,,,,,,0.0,,0.0,,,,,,,,,,,,,,,,,,,,,0.0,0.956,0.0,,,,,,,,,0.0,1
4.842,,,,,,,,,,,,3.459,,,6.0,,1.127,,0.0,,,,,,,,,,,,0.0,,3.0,,3.771,,,,,,1
4.0,2.2975,,,,,,26.7,0.0,,,,2.626,,,,0.998,,,,0.0,,,0.0,,0.0,,,,0.0,,,0.0,2.0,1.0,,,1.0,,,,1
,,,0.0,,,,,,6.0,,,,,,,1.048,,,,,,1.0,,,,2.458,,,,,,,,3.0,,,,,,0.0,1
,,1.0,,7.0,0.0,,,,,10.0,0.0,,,,10.0,,1.116,,1.0,,,3.0,0.0,,1.0,,,0.0,,,,,,,,2.702,,,,,1
,,,0.0,1.0,,,,,,6.0,,,1.16,,,,,,,,,1.0,,,,,-0.008,,10.884,,,,,,,,,,0.0,,1
,,,0.0,,,,,1.0,,,,,,,,,,,,,,0.0,,,,,,0.0,0.0,,,,,0.0,,,0.0,,,,1
3.732,,0.0,,,,,23.5,,,1.0,,,,,,,,,,,,,,,,,,0.0,,2.488,,,,,,2.333,1.0,,,,1
4.629,,,,,0.0,,,,,,,,1.379,9.312,,,,,0.0,,,0.0,,0.0,,,0.143,0.0,,,,,,,,,,,,,1
,,,,0.0,,,,,,,,,2.281,,0.0,,,,,,,0.0,,,,,,,,,,,,,,2.833,,,,,1
,,,0.0,,,0.0,,,0.0,,,,,10.014,,0.997,,0.0,0.0,,,,,,,,,,,,,,,,,,2.0,,,,1
,,,,0.0,,,,6.0,4.0,,,,,,,,,,,,,,,,,,,,,,,,,,,2.799,,,,,1
,,,,,1.0,0.0,,,,,,,1.39,,0.0,,1.14,,,0.0,,,0.0,,,,,,,,1.0,,,0.0,,,,,0.0,,1
,,0.0,,,,,,,,,0.0,,2.122,,,,,,,,,,,,,,0.0,,,,,,,4.0,,2.517,2.0,,,,1
,,,,,,,,,0.0,,,,,,,,,,0.0,0.0,,,0.0,,,,,,,,0.0,,,,3.561,,,,,,1
,,,,,,,,,,2.0,,,,,,,,,,,1.258,,0.0,,0.0,,,,,,,,3.0,,,,,8.286,,0.0,1
,,0.0,0.0,4.0,,,,,,,,,,10.525,0.0,,1.108,,,0.0,1.313,,,,,,,,0.0,,0.0,,,,,,,,,0.0,1
,,,,,,,,0.0,,,,,,,,,,,,0.0,,,,,,,,,,,,,,,,,,,,,1
,4.6158,,,,,,,,,,,,,,,,,,,,1.214,,,0.0,,,,,,,,3.0,,,,,,,0.0,,1
5.371,,,,,,3.0,,,1.0,,,,,,,,,0.0,,,1.273,,,0.0,0.0,2.364,,0.0,,,,1.0,,,,,,,0.0,,1
,2.5104,,,,,5.0,,0.0,,,,4.028,,,8.0,,,,1.0,,,,,1.0,,,0.0,,,,0.0,,,,,,,,0.0,2.0,1
,3.4399,,0.0,,,2.0,,,,,,,,,,,,0.0,,,,1.0,,,,2.259,,0.0,,,,,,,3.839,,,8.549,,,1
,,,,,,,,0.0,,,,,,,6.0,,1.144,,,,1.193,1.0,,,,,,0.0,,,,,,,,,2.0,,,,1
,,,,0.0,,,,0.0,1.0,,0.0,,0.875,,,1.023,,,,,,,,,,,,,,,,2.0,0.0,,3.872,2.681,0.0,,,,1
,,,0.0,,,,,10.0,,,,,,11.411,,,,,,,,,0.0,,0.0,2.409,0.0,,,,,,,,,,,,,,1
,,0.0,,,,,,,,,,,,,,0.987,,,,0.0,,,,,,,,0.0,,,,,0.0,,,,,,,,1
,,0.0,,,1.0,,,,,,0.448,,,,,,1.136,,,,1.252,,,0.0,,,,,11.089,,1.0,,,,3.497,2.175,,7.914,,,1
,,0.0,,0.0,,,,,,,,,,,0.0,,1.091,,0.0,,,,,,,,,,0.0,3.091,,,0.0,,,,,,0.0,,1
,,,,,,,52.4,,,0.0,0.0,,0.629,,,,,,,,1.349,,,,,,0.004,,0.0,,,,,0.0,,,,8.471,,,1
,,,,,,,,,,0.0,,3.633,,,,,,,,,,,,,,2.275,0.0,,,,,2.0,,,,,,,,,1
5.174,2.5182,,0.0,,,,,,4.0,2.0,,,,,11.0,,,,,,1.236,2.0,0.0,,,,,,,,,,,,,2.638,,,,,1
,,,,0.0,,,,,,,,,,,,0.981,,,,0.0,1.299,,,,,,,,,,,,,,,,0.0,,,,1
5.509,,,,,,,,,,,,,,,,,,0.0,,,,,,,,,0.0,,,,,3.0,,4.0,,,,10.203,,0.0,1
,1.9254,,,,0.0,,,,0.0,,,,0.0,,,0.963,,,,,,3.0,,,,,,0.0,,,,,,,,,,,0.0,0.0,1
,,,,,,,,2.0,,,,,,,4.0,,,,,0.0,1.18,,,0.0,0.0,,,,,,,0.0,,,,,,,,0.0,1
5.047,,,,,,,,,,,,,,,0.0,,,,,0.0,1.38,,,,,,,,,1.443,,,,0.0,,,,,,,1
,,,0.0,,,5.0,,,,,,,,,,,,0.0,,,,,,,,,0.0,,,,0.0,,,,,2.569,,,,,1
,,,,,,,,,,,,,1.289,,,,,,,,,,,,,2.553,,,,,,,8.0,,,,,,,,1
,3.136,,,,0.0,,,0.0,,6.0,,3.196,,,,,1.136,,,,,,,,,,,,,,,,,,,,,,0.0,,1
,,0.0,0.0,8.0,1.0,2.0,,,,,,,,,,,,0.0,0.0,0.0,,,,,0.0,,,,,,,0.0,,,,,,,0.0,0.0,1
,,,,,,,,,,0.0,,2.594,0.811,,,,1.139,0.0,0.0,0.0,,,,,,1.732,,0.0,,,,0.0,,2.0,,,1.0,,0.0,,1
,,4.0,,0.0,,0.0,,,0.0,,,,,,0.0,,,,,,1.641,,,,,,,,0.0,,,0.0,,,,2.278,,,,,1
5.262,4.2718,,0.0,,,0.0,,2.0,0.0,0.0,0.0,,,10.026,,,,,,,1.042,,,,,2.175,,,,1.435,,,,,,4.972,0.0,,,,1
,,,,,,,,,,,0.0,,,,,1.015,,0.0,,,,,,,,1.932,,,0.0,,,,,,3.772,,,,,,1
,,0.0,0.0,,,,,,,,,4.727,,12.421,,1.311,1.377,,,,0.883,,0.0,,,,0.0,,,,,,,,,,,,0.0,,1
,,,,,0.0,,,,,,,,,,,,,,,,1.197,,,,,,,,,2.885,,0.0,,,,,,,,2.0,1
,,,,0.0,0.0,,26.3,,,,,,,8.891,,,,,,,,,,,0.0,,,,,,,,0.0,,,,,,,,1
,,,,0.0,,,32.1,,,,,,1.761,10.106,,,1.141,,,,,,,,,2.175,-0.022,0.0,,,,,,,3.309,,,,,,1
,3.9599,,0.0,,1.0,,,,,,,3.347,,,,,1.125,,,,1.32,,0.0,,,2.074,,,,,,,,,,,,,,,1
,,,,1.0,,,,,1.0,,,,,10.042,,,,,0.0,0.0,,,,,,,,,,,,,,,,,,,,,1
,,1.0,0.0,,,0.0,,,3.0,,,2.917,,,4.0,,,,,,,,,0.0,,,,,,,,,,,4.19,,,,,,1
,,,,0.0,,,,,,,0.0,3.856,,,,,,,,,,,,,0.0,,,0.0,,,,0.0,0.0,,4.415,2.115,0.0,,0.0,,1
,,,,,,,,,,,-4.279,,,11.905,,1.285,1.34,,,,,,0.0,,0.0,,,,,,,,,,,,,,,,1
,,0.0,,,0.0,,42.9,,,,,,,,0.0,,,,,,,1.0,0.0,,0.0,2.246,,,,,,0.0,,,,,,,0.0,,1
,,5.0,,,,,,1.0,0.0,,,,0.799,,0.0,,,,,,,,,,,,,1.0,,,0.0,,,,6.982,2.146,,,,5.0,1
,,,,,,2.0,,,,4.0,,,,,,,,0.0,0.0,,,,,0.0,0.0,2.17,,,0.0,,,2.0,,,,,,,,,1
4.658,,,,,,2.0,,1.0,1.0,,,,1.455,,,,,,0.0,,,,,,,,,,,,,,,,,,,,,,1
,3.3114,,,0.0,,,,,,0.0,,,,,,,,,0.0,0.0,1.27,,0.0,,,,,,0.0,,,,,,3.78,,,,0.0,,1
,3.3797,,,0.0,,,,,,,,,,10.06,,,1.123,,,,,,0.0,0.0,,2.307,,,,0.962,,,0.0,1.0,3.774,,,,,0.0,1
,,,0.0,,,,,,1.0,,,,,10.644,,,,,,0.0,,,,,0.0,,,,,,0.0,,,1.0,,,,,,,1
4.807,,,,0.0,,,,,,,0.0,3.297,,,,,1.113,0.0,,,,1.0,,,,2.246,-0.025,0.0,,,,,,,,2.568,0.0,,,,1
,,,0.0,,,,,,,,,3.256,,9.631,,,,,,,,,,0.0,,2.194,,0.0,0.0,1.544,0.0,,,,,,,,,0.0,1
,,,,0.0,,,,,,0.0,,3.564,1.697,10.592,,,,,,,1.274,1.0,,0.0,,,,,,,,,0.0,,3.692,,,8.482,,,1
5.103,,,,,,,,,5.0,,,,,10.456,11.0,,,,,,1.195,1.0,,,,,,,,,,,,1.0,,,2.0,,,,1
5.265,,,,,,,35.3,,,,,3.998,,,,,,,,0.0,1.296,,0.0,,,,,,,,,,3.0,,4.698,,,9.666,,,1
,,,,,,,,0.0,4.0,,-0.761,,,10.634,,,1.111,,,,,,0.0,,,2.403,0.0,,,2.586,0.0,,0.0,,,,,,2.0,,1
,,,0.0,,2.0,,32.1,4.0,,1.0,,,,,,,1.144,,,,,,,,,,-0.007,,,1.055,,,,,3.573,2.242,,,,,1
,3.3732,,0.0,9.0,,,,,9.0,,,,,,,,,,,,,,,,,,,,,3.396,0.0,,3.0,0.0,,3.083,3.0,9.278,,0.0,1
,,,,,,,,0.0,4.0,,,,,,,,1.123,,,,,,,,,,,,,,,,,,,,,,,,1
5.158,,,0.0,36.0,,,,,,,0.0,4.902,,11.817,,,,,,0.0,,147.0,,,,,,,0.0,1.535,,,,,,,,,,1.0,1
,,,,0.0,,,,,,,,,,,0.0,,,,,,,,,,0.0,,,,,2.106,,,,0.0,,2.206,0.0,,,2.0,1
