COMPACTNESS,CIRCULARITY,DISTANCE_CIRCULARITY,RADIUS_RATIO,PR_AXIS_ASPECT_RATIO,MAX_LENGTH_ASPECT_RATIO,SCATTER_RATIO,ELONGATEDNESS,PR_AXIS_RECTANGULARITY,MAX_LENGTH_RECTANGULARITY,SCALED_VARIANCE_MAJOR,SCALED_VARIANCE_MINOR,SCALED_RADIUS_OF_GYRATION,SKEWNESS_ABOUT_MAJOR,SKEWNESS_ABOUT_MINOR,KURTOSIS_ABOUT_MAJOR,KURTOSIS_ABOUT_MINOR,HOLLOWS_RATIO,class
95.0,,83.0,,,10.0,,,20.0,,176.0,379.0,,70.0,,,187.0,197.0,van
,,,,,9.0,149.0,,,,170.0,,158.0,,,,189.0,,van
104.0,50.0,106.0,,,,,,,,,,,73.0,,9.0,,196.0,saab
93.0,,,159.0,,,,46.0,19.0,,,309.0,,63.0,6.0,10.0,199.0,207.0,van
,,,205.0,,,,45.0,,144.0,241.0,,188.0,,9.0,11.0,,,bus
107.0,57.0,,,,6.0,,26.0,28.0,169.0,280.0,,264.0,,,,,,bus
97.0,43.0,73.0,,65.0,6.0,,,,143.0,176.0,,,,13.0,,,,bus
90.0,,,,,,,48.0,,,162.0,281.0,164.0,67.0,3.0,3.0,193.0,202.0,van
,,62.0,,,7.0,,54.0,,,,,112.0,,,,200.0,,van
,,,,,,,36.0,22.0,146.0,,505.0,,64.0,4.0,14.0,,,saab
,36.0,,143.0,61.0,9.0,133.0,50.0,18.0,,153.0,266.0,127.0,,2.0,10.0,194.0,,van
90.0,,66.0,136.0,55.0,6.0,123.0,,17.0,118.0,,224.0,,65.0,,26.0,196.0,202.0,saab
88.0,,74.0,,,,,,,,,,192.0,,5.0,11.0,,,bus
89.0,42.0,,144.0,,,152.0,,19.0,,,,,72.0,8.0,13.0,187.0,197.0,van
94.0,,79.0,,71.0,,174.0,,21.0,154.0,196.0,465.0,206.0,,6.0,2.0,,199.0,bus
96.0,55.0,,201.0,65.0,9.0,204.0,,23.0,166.0,,,246.0,74.0,,,186.0,,opel
89.0,,,109.0,,,118.0,57.0,17.0,,,,,80.0,,14.0,181.0,,van
,41.0,,197.0,,6.0,177.0,,,,,,,,4.0,,198.0,,bus
,,,,,10.0,216.0,31.0,24.0,,,,,74.0,5.0,,,,saab
,56.0,,215.0,,,,,,169.0,227.0,,223.0,,,5.0,,193.0,opel
,,,,,,,43.0,,145.0,,354.0,,,,,,192.0,bus
84.0,,,,,,123.0,55.0,,,,221.0,,82.0,,1.0,179.0,,van
,43.0,64.0,173.0,69.0,,,,19.0,142.0,,,,,9.0,,,,bus
87.0,39.0,,148.0,,,143.0,,,,,307.0,141.0,69.0,,2.0,,,bus
,53.0,105.0,,,11.0,204.0,32.0,,,221.0,,224.0,68.0,,,191.0,,saab
85.0,,,,,9.0,,,19.0,,169.0,,,,,4.0,188.0,,van
83.0,36.0,,119.0,57.0,,,53.0,18.0,,,238.0,139.0,82.0,6.0,,179.0,,saab
,,,203.0,65.0,,,31.0,25.0,167.0,229.0,,,,1.0,,,199.0,saab
102.0,45.0,,,,6.0,192.0,,,,,,,,,7.0,,193.0,bus
,38.0,,,,,,,,,,314.0,,,,20.0,,185.0,saab
,,,,,,,,19.0,151.0,,356.0,174.0,,5.0,,185.0,,van
88.0,42.0,,,,,,47.0,18.0,,,,,,,11.0,,205.0,saab
,35.0,,,,6.0,,,,,,,,,,,197.0,202.0,opel
,48.0,,222.0,,,208.0,,,,232.0,,,,5.0,,190.0,,opel
,,85.0,,61.0,8.0,,,,129.0,186.0,,,63.0,1.0,25.0,,,opel
100.0,46.0,90.0,,,9.0,157.0,,20.0,,,,,67.0,,7.0,,,van
,44.0,,,,7.0,,,,,174.0,340.0,,,,2.0,,185.0,bus
,48.0,86.0,,,,,,19.0,,,,,118.0,0.0,,,194.0,van
106.0,53.0,98.0,176.0,,,,,,171.0,235.0,691.0,,,,9.0,,,saab
,,68.0,,,,151.0,,,146.0,,,,75.0,,,,,bus
,,,214.0,,9.0,205.0,,,,227.0,,,74.0,5.0,,186.0,193.0,opel
,37.0,51.0,105.0,52.0,,,57.0,,,135.0,,,,,16.0,,183.0,van
,,,,,,158.0,,,162.0,,,186.0,75.0,,,183.0,,van
93.0,37.0,76.0,183.0,,,164.0,40.0,20.0,,,405.0,139.0,67.0,4.0,,,197.0,saab
,54.0,,,,,213.0,,24.0,167.0,,675.0,232.0,66.0,,,,,saab
93.0,46.0,,,58.0,,,43.0,20.0,,,,,,,,,,van
91.0,,70.0,,,8.0,,,18.0,146.0,,253.0,,70.0,1.0,,,,van
85.0,42.0,,122.0,54.0,6.0,,,,141.0,172.0,,,,,14.0,,182.0,bus
,,81.0,,,,,44.0,,,170.0,352.0,188.0,76.0,,13.0,,,van
,,,176.0,,,,,,148.0,184.0,,179.0,62.0,,,,,saab
78.0,,63.0,115.0,,,142.0,,,130.0,162.0,,,,,,,,saab
,,71.0,,,,,,19.0,,,,,,,,189.0,195.0,saab
,55.0,,,70.0,9.0,,,,,236.0,661.0,,,,,,197.0,opel
,42.0,62.0,,,6.0,149.0,,,,169.0,341.0,,,7.0,11.0,202.0,,bus
,,104.0,185.0,53.0,,257.0,,28.0,168.0,,956.0,,,,,,,bus
,36.0,,,61.0,,,50.0,,135.0,154.0,,,62.0,,3.0,201.0,,van
,,,,63.0,9.0,185.0,36.0,,144.0,,,165.0,66.0,,8.0,,,saab
,47.0,84.0,133.0,,,,,20.0,,,,176.0,,,,,192.0,van
,53.0,,221.0,66.0,11.0,209.0,,24.0,,,,,66.0,0.0,,191.0,201.0,opel
,,68.0,,52.0,5.0,,53.0,,,148.0,241.0,,75.0,8.0,,,187.0,van
,,,212.0,,,,34.0,,,214.0,,185.0,64.0,,5.0,,204.0,opel
77.0,,,135.0,,,130.0,,,,,,,79.0,,,,187.0,opel
,,70.0,120.0,,,137.0,50.0,,,162.0,269.0,139.0,80.0,,13.0,,,van
83.0,42.0,66.0,156.0,,,150.0,,,144.0,174.0,333.0,,,,,,188.0,bus
93.0,,,,,7.0,184.0,,22.0,,,523.0,,72.0,0.0,,194.0,,bus
89.0,,,,,,146.0,,19.0,137.0,170.0,317.0,156.0,,,5.0,,,opel
81.0,,,125.0,57.0,,,46.0,,146.0,169.0,323.0,,,,,179.0,,bus
,,101.0,219.0,69.0,,,,,,231.0,,,,,,,,opel
86.0,44.0,,,,,,,,,,,,,,,,,van
,,,219.0,74.0,,,34.0,22.0,,208.0,558.0,,74.0,4.0,7.0,195.0,195.0,bus
96.0,55.0,98.0,,,10.0,215.0,,,,226.0,,,,3.0,6.0,185.0,193.0,opel
97.0,,108.0,227.0,70.0,11.0,224.0,,,,,,,70.0,,,186.0,198.0,opel
92.0,39.0,91.0,,,8.0,176.0,37.0,,,,,,,3.0,23.0,,200.0,opel
,37.0,,111.0,,6.0,,,,,135.0,227.0,147.0,,1.0,15.0,,184.0,opel
89.0,,,147.0,,,,44.0,19.0,,170.0,338.0,,72.0,,,187.0,,van
,,103.0,,,,195.0,34.0,,162.0,,,,,,,,,opel
91.0,39.0,83.0,170.0,,,,,21.0,,197.0,445.0,,,0.0,10.0,,,saab
,,62.0,140.0,,,,45.0,,,165.0,330.0,,,,,,185.0,saab
104.0,,94.0,208.0,66.0,,208.0,31.0,,,227.0,,218.0,,,,,,bus
89.0,,,,50.0,,150.0,,19.0,147.0,,328.0,,,,,,182.0,bus
87.0,,,159.0,,6.0,,44.0,,,,343.0,189.0,,,,186.0,,bus
,51.0,,203.0,65.0,,,31.0,,,,671.0,,,,,,189.0,bus
94.0,36.0,,,54.0,,127.0,52.0,,,,,116.0,66.0,1.0,,195.0,,van
,,80.0,,55.0,,,,19.0,,172.0,,144.0,,,,,,opel
,40.0,,188.0,76.0,7.0,150.0,,,,,,,,,8.0,193.0,,bus
110.0,58.0,,180.0,51.0,6.0,261.0,26.0,28.0,171.0,278.0,998.0,,,9.0,,,,bus
,41.0,84.0,,,,,45.0,,,172.0,,,,,,,200.0,van
,37.0,,,54.0,5.0,,,17.0,132.0,141.0,,,,2.0,,186.0,190.0,van
,42.0,,,,,171.0,,,,,,161.0,69.0,,12.0,,201.0,bus
80.0,,57.0,116.0,55.0,,,,18.0,,,,132.0,,8.0,5.0,178.0,,opel
104.0,,,222.0,68.0,,,31.0,,,232.0,,,,3.0,,,199.0,saab
,,,,,9.0,,,20.0,130.0,196.0,,155.0,,,15.0,,,opel
,,100.0,191.0,59.0,9.0,,,23.0,,,,,,,,,,saab
,48.0,87.0,162.0,64.0,10.0,157.0,43.0,20.0,,179.0,,186.0,,4.0,,184.0,,van
84.0,45.0,66.0,,,,,,19.0,,,312.0,,,,3.0,,,bus
97.0,,,211.0,,,214.0,31.0,,156.0,,,,,7.0,29.0,,197.0,opel
89.0,42.0,80.0,151.0,,,144.0,,,139.0,,,,74.0,17.0,13.0,185.0,189.0,saab
,,,,,,150.0,44.0,19.0,,,337.0,,75.0,,,,,bus
,,,219.0,,,201.0,,,,223.0,,201.0,69.0,5.0,,,,opel
,44.0,65.0,,56.0,6.0,,46.0,,,,,171.0,,4.0,,179.0,182.0,bus
,45.0,66.0,,,,148.0,,19.0,,237.0,326.0,,,1.0,,181.0,,bus
,,,,,,153.0,,,,,347.0,,,11.0,5.0,,,van
,,,150.0,64.0,,,,,,154.0,246.0,,69.0,14.0,,192.0,196.0,van
,38.0,60.0,,62.0,,,58.0,,,,,137.0,72.0,14.0,,,,van
,45.0,,,,,,33.0,22.0,,,,167.0,79.0,0.0,,,191.0,bus
108.0,,103.0,202.0,64.0,,220.0,,,,224.0,,,73.0,,10.0,,199.0,saab
99.0,,,209.0,,11.0,,,,152.0,,575.0,159.0,,,,,,opel
85.0,,77.0,151.0,,8.0,,45.0,,134.0,,331.0,133.0,73.0,0.0,,,,opel
,,,135.0,,,,,19.0,,170.0,,173.0,80.0,,,,185.0,bus
,,,,,,,,,,,,,74.0,,,195.0,195.0,bus
,40.0,,,,,,,,,,314.0,143.0,70.0,,,,,van
,,83.0,,64.0,,156.0,,,,,,,74.0,,,185.0,,van
77.0,38.0,,144.0,,,147.0,,19.0,,,,136.0,,,20.0,,187.0,opel
88.0,35.0,,121.0,58.0,,114.0,,,122.0,,192.0,,,,,,,opel
93.0,,85.0,,54.0,,155.0,44.0,19.0,,174.0,,,75.0,,13.0,,,van
95.0,,,,64.0,,,,,,,371.0,,71.0,12.0,13.0,189.0,,van
,,,,65.0,,201.0,32.0,23.0,,,,,,,,189.0,,opel
109.0,53.0,,,,,221.0,,25.0,169.0,,712.0,,,13.0,,,201.0,saab
,,64.0,128.0,56.0,8.0,150.0,,19.0,144.0,,324.0,173.0,,,14.0,,184.0,bus
,49.0,,180.0,,7.0,,,21.0,,,,,,,,,202.0,bus
,37.0,,,,,,,18.0,,,266.0,146.0,,,14.0,,185.0,saab
90.0,,,142.0,,11.0,160.0,,,160.0,,370.0,,76.0,10.0,,,,van
,,,,,,,,19.0,,,,,64.0,,0.0,,,van
,,,,,,,56.0,17.0,127.0,,,132.0,,,23.0,190.0,195.0,saab
,,,150.0,63.0,,143.0,46.0,,147.0,171.0,,,72.0,2.0,3.0,,,van
,46.0,,143.0,,11.0,159.0,,,,,366.0,,74.0,17.0,7.0,,193.0,van
,42.0,,,,,,45.0,,143.0,176.0,,,76.0,2.0,,,,bus
,41.0,,,65.0,,,45.0,,139.0,,330.0,155.0,,,,,191.0,bus
97.0,,,173.0,,,,43.0,,157.0,,365.0,,67.0,8.0,12.0,192.0,200.0,van
100.0,,,,,,199.0,32.0,23.0,,,605.0,200.0,,7.0,11.0,,194.0,bus
100.0,,,184.0,60.0,,,,23.0,147.0,222.0,,198.0,,,13.0,189.0,,saab
,36.0,77.0,,60.0,7.0,,,,128.0,174.0,331.0,,,,,,203.0,saab
97.0,,,,59.0,,186.0,,,,,,168.0,,,,,,saab
98.0,,,121.0,49.0,,134.0,,18.0,,164.0,,,,,1.0,186.0,,van
102.0,,,,,10.0,,31.0,,,219.0,,201.0,76.0,,,,,opel
,,,322.0,,,158.0,,20.0,,229.0,364.0,,,0.0,,184.0,,van
86.0,48.0,75.0,136.0,,,,,,,,,185.0,75.0,,,183.0,192.0,van
87.0,,,150.0,64.0,,,50.0,,,,,,67.0,7.0,,,,van
88.0,37.0,63.0,130.0,,,,54.0,18.0,130.0,141.0,,145.0,,,20.0,,188.0,saab
,42.0,80.0,,,8.0,,,,145.0,,,,,3.0,,,,van
,,80.0,171.0,,9.0,,,,,172.0,373.0,115.0,,3.0,18.0,201.0,209.0,saab
81.0,,,125.0,,,,46.0,19.0,,,,,,7.0,7.0,,,bus
,,,,,11.0,,31.0,24.0,,224.0,,,,0.0,,192.0,,opel
,,,,54.0,,,,19.0,145.0,171.0,,176.0,85.0,4.0,8.0,179.0,183.0,bus
95.0,,,,62.0,7.0,,,,,,,,,,,,204.0,opel
103.0,,107.0,218.0,,,,,,174.0,,728.0,,,,,,200.0,opel
100.0,46.0,85.0,,64.0,11.0,163.0,42.0,20.0,,,,,71.0,,,,,van
,,,171.0,67.0,,,44.0,,135.0,169.0,,,68.0,,,192.0,200.0,bus
,,72.0,,,,,,,144.0,,360.0,,,,9.0,203.0,209.0,saab
,36.0,64.0,,,,,49.0,,136.0,,279.0,127.0,,,,193.0,204.0,van
,,,,65.0,,,,,,207.0,,,65.0,3.0,,195.0,,saab
,44.0,84.0,,74.0,6.0,,,,145.0,,,154.0,,4.0,22.0,196.0,197.0,bus
,35.0,72.0,172.0,,7.0,,,,,,,125.0,,5.0,30.0,203.0,,opel
106.0,,106.0,,64.0,,208.0,32.0,24.0,,,,184.0,,,,,202.0,saab
,40.0,,154.0,,,,46.0,19.0,,,,,,8.0,,,,van
,,103.0,223.0,64.0,,250.0,,27.0,,,928.0,,,4.0,,184.0,,bus
,,78.0,149.0,55.0,,,,,,,321.0,,64.0,10.0,,,,opel
93.0,,,,,,127.0,,18.0,145.0,156.0,240.0,152.0,,,4.0,189.0,190.0,van
87.0,,,,58.0,,,44.0,,,174.0,337.0,140.0,70.0,1.0,33.0,,196.0,saab
91.0,45.0,,,57.0,,,44.0,,,,,,66.0,16.0,,,,opel
,,,125.0,,5.0,,,,,152.0,,,87.0,0.0,0.0,177.0,,opel
107.0,,,218.0,64.0,11.0,,,23.0,164.0,,,,65.0,,,197.0,,opel
,39.0,,191.0,64.0,9.0,,,20.0,,,,131.0,,,19.0,,,saab
85.0,,,,59.0,5.0,132.0,50.0,18.0,135.0,,,,68.0,,,,195.0,saab
98.0,54.0,104.0,,59.0,,,32.0,24.0,,223.0,665.0,217.0,,,26.0,186.0,,opel
,54.0,,,,,,,,170.0,220.0,707.0,,72.0,1.0,,,,opel
,36.0,,,,,,,19.0,,169.0,349.0,,60.0,4.0,19.0,,211.0,saab
,51.0,,,,,,31.0,24.0,,226.0,674.0,,68.0,,,,,saab
,,68.0,139.0,,6.0,,,,143.0,,,,,0.0,,181.0,,bus
98.0,38.0,,,52.0,,,,18.0,,,,,,,13.0,,,van
,51.0,,197.0,60.0,,,,,160.0,222.0,661.0,,67.0,,3.0,,,opel
,54.0,103.0,161.0,47.0,,247.0,27.0,,166.0,,,242.0,,4.0,,,183.0,bus
94.0,45.0,81.0,166.0,67.0,,145.0,,,147.0,,,179.0,,,,,202.0,van
,49.0,,,,6.0,,,24.0,152.0,228.0,,210.0,77.0,8.0,,188.0,,bus
,,,,,11.0,,44.0,,,171.0,354.0,188.0,73.0,,,,195.0,van
88.0,40.0,,,,6.0,158.0,,20.0,,,,148.0,,1.0,11.0,193.0,197.0,bus
84.0,39.0,,180.0,60.0,7.0,177.0,37.0,,,209.0,,145.0,,,38.0,,198.0,opel
89.0,,72.0,,,7.0,144.0,46.0,,,,,169.0,69.0,,,191.0,,bus
93.0,,,,68.0,7.0,,43.0,19.0,,175.0,,,68.0,,,196.0,205.0,bus
89.0,,,,58.0,6.0,136.0,,,,168.0,,,78.0,,,,,van
,,106.0,221.0,,,,,,,,638.0,238.0,,0.0,,,200.0,saab
,,60.0,116.0,56.0,,123.0,,,124.0,141.0,,121.0,,3.0,16.0,,,opel
,42.0,,,66.0,7.0,145.0,44.0,19.0,,,,159.0,,,,,207.0,bus
,,,,57.0,4.0,,,,123.0,,,128.0,,,27.0,183.0,,saab
,,106.0,,66.0,10.0,203.0,,,,217.0,,,,9.0,10.0,,,saab
100.0,,75.0,,71.0,,176.0,,21.0,,204.0,,,72.0,7.0,,197.0,197.0,bus
91.0,,,193.0,,,169.0,,,137.0,184.0,,,,,23.0,,204.0,bus
,45.0,,166.0,,7.0,,,,,,,186.0,69.0,,,190.0,196.0,opel
101.0,51.0,,,,,209.0,,,162.0,222.0,653.0,224.0,73.0,,,,,opel
,,,,,,,42.0,,,,367.0,,66.0,,,,198.0,opel
,48.0,,198.0,,9.0,,,,155.0,200.0,,,64.0,20.0,,,,opel
,,81.0,162.0,68.0,10.0,,,19.0,,,,,,,,,199.0,van
,,,,57.0,7.0,,,,,,335.0,,69.0,,,,,saab
,55.0,,199.0,,,,27.0,,168.0,258.0,866.0,,,,,,,bus
,,86.0,,60.0,,,,20.0,,,,,68.0,9.0,21.0,190.0,,saab
,,66.0,130.0,56.0,,,,19.0,142.0,,,,,,14.0,181.0,185.0,bus
,56.0,,,71.0,,,,25.0,,226.0,705.0,217.0,,,11.0,,196.0,saab
,,,150.0,,,,44.0,19.0,,,,,,,,,187.0,bus
81.0,,,130.0,56.0,,,44.0,,,,,,81.0,,,,186.0,bus
,,,,61.0,,147.0,,,,,,,,,,,,bus
,,85.0,,,,156.0,,20.0,,172.0,,178.0,74.0,,,,195.0,van
90.0,,74.0,,,,,,,,,,,,,,197.0,,saab
111.0,,103.0,171.0,50.0,,,,25.0,,,727.0,,,15.0,6.0,190.0,,opel
103.0,55.0,,,,,,31.0,,175.0,,,,,,,187.0,194.0,opel
,40.0,,137.0,,7.0,,54.0,17.0,,,,,,7.0,,,,van
,,,,62.0,,147.0,,,152.0,,325.0,181.0,,,6.0,188.0,,van
,,,176.0,,,162.0,41.0,20.0,,183.0,,178.0,,,10.0,,198.0,opel
,,64.0,,55.0,,,46.0,,146.0,,,,85.0,,6.0,,,bus
,,70.0,,,,,,19.0,146.0,,331.0,185.0,,,,,,bus
,,,,,,,,24.0,,219.0,,,74.0,2.0,,,,opel
,,,,62.0,9.0,,,,135.0,191.0,,,63.0,,23.0,,,opel
,,69.0,,63.0,8.0,138.0,48.0,18.0,134.0,163.0,,124.0,71.0,,,,195.0,van
,,,,68.0,,,,,,175.0,,,71.0,3.0,,,197.0,bus
,,,168.0,,,,,24.0,153.0,,,,,,23.0,,,bus
,36.0,72.0,,56.0,7.0,,,18.0,126.0,,286.0,130.0,,,1.0,,,opel
,39.0,86.0,169.0,62.0,,,41.0,,131.0,,,147.0,74.0,,,,,opel
,,,,59.0,5.0,152.0,,,143.0,175.0,,,77.0,,,,187.0,saab
,57.0,,,,11.0,,,,,228.0,,219.0,,,,,196.0,opel
,,68.0,,,,147.0,,,,,,,74.0,1.0,,185.0,191.0,bus
85.0,,57.0,126.0,,,114.0,58.0,,,134.0,195.0,145.0,,,7.0,,,van
,,,,62.0,,,,,,225.0,722.0,,,2.0,,,196.0,opel
,44.0,85.0,,,,,,20.0,,176.0,,,,,16.0,,195.0,van
,,,197.0,,,186.0,34.0,,158.0,,,,74.0,,1.0,,,bus
,44.0,72.0,,60.0,,,44.0,,,,347.0,178.0,,1.0,15.0,,,bus
86.0,41.0,,,56.0,6.0,136.0,49.0,,,,,162.0,74.0,5.0,,,189.0,saab
,,79.0,,,8.0,,,,,,,134.0,67.0,,,195.0,203.0,van
,54.0,98.0,,66.0,11.0,,,24.0,,,,,,14.0,0.0,,,saab
,,66.0,147.0,,,131.0,50.0,,,,,115.0,66.0,,7.0,,,van
105.0,54.0,,,,10.0,208.0,,,166.0,217.0,,,,14.0,23.0,189.0,199.0,saab
,,,148.0,,,,45.0,,138.0,,,,,,,182.0,,saab
85.0,,47.0,110.0,55.0,3.0,,57.0,17.0,,,,139.0,,5.0,,,,van
85.0,,,115.0,57.0,,112.0,61.0,,,,184.0,127.0,,,,181.0,,saab
81.0,,,,,6.0,,45.0,,,,,178.0,,4.0,,179.0,183.0,bus
,52.0,104.0,189.0,,10.0,208.0,,24.0,,220.0,,197.0,70.0,,22.0,187.0,198.0,saab
93.0,42.0,64.0,,,9.0,,,,142.0,,268.0,,,7.0,,,201.0,van
,48.0,,134.0,56.0,,160.0,,,167.0,,366.0,,,1.0,14.0,182.0,,van
96.0,37.0,,199.0,74.0,5.0,,,,128.0,,419.0,,72.0,1.0,3.0,,,bus
,45.0,,,,8.0,,,,,170.0,,,81.0,,,179.0,184.0,bus
,,101.0,,,,,30.0,,,,,,71.0,,,,,opel
,,74.0,141.0,61.0,,,,19.0,149.0,,,,77.0,,,,189.0,bus
,36.0,,,62.0,,,,,125.0,174.0,,,63.0,,,,205.0,opel
93.0,45.0,,164.0,,,159.0,42.0,20.0,,,,188.0,65.0,,,195.0,201.0,opel
,42.0,,,58.0,7.0,,,,144.0,166.0,320.0,,83.0,,4.0,,182.0,bus
101.0,,,,69.0,12.0,,,,,,,,,,16.0,188.0,,saab
,47.0,75.0,,,,157.0,44.0,20.0,,168.0,358.0,,,1.0,,,,van
93.0,,,,,7.0,,,18.0,141.0,164.0,,,,,15.0,,,van
,,,,73.0,,156.0,,,,,,,,,,199.0,,bus
91.0,39.0,,,,,169.0,39.0,,,,,,,0.0,24.0,192.0,,saab
,,,211.0,,11.0,,,,,229.0,673.0,249.0,,,16.0,188.0,196.0,opel
,34.0,53.0,,58.0,6.0,116.0,,17.0,,,,127.0,70.0,3.0,,,,saab
,,66.0,,52.0,,,52.0,18.0,,,,140.0,,,,184.0,183.0,van
,,103.0,230.0,69.0,,,30.0,,,231.0,716.0,246.0,71.0,7.0,,187.0,196.0,opel
,,80.0,,58.0,,,44.0,,157.0,,349.0,,74.0,,17.0,183.0,193.0,van
94.0,,,170.0,67.0,6.0,142.0,,18.0,,,310.0,,,,,198.0,,bus
,47.0,,161.0,,,155.0,43.0,19.0,,,,,,2.0,,,196.0,van
,,,,,,,,24.0,159.0,232.0,,203.0,,,27.0,191.0,,saab
,36.0,77.0,157.0,,,,,,,,,123.0,65.0,,15.0,,,saab
92.0,43.0,,158.0,,7.0,,,,,170.0,,,,,,198.0,203.0,opel
,48.0,,196.0,63.0,10.0,,,23.0,152.0,,604.0,199.0,73.0,,,,,saab
,,,,65.0,12.0,226.0,,25.0,182.0,,,216.0,71.0,,1.0,185.0,,opel
83.0,37.0,,,,,,52.0,18.0,,146.0,245.0,140.0,,4.0,,,,saab
91.0,,88.0,189.0,63.0,,,38.0,21.0,132.0,197.0,457.0,,,0.0,,191.0,,saab
,,,,56.0,6.0,,56.0,,137.0,143.0,209.0,,,,8.0,193.0,199.0,van
,35.0,70.0,,,,126.0,53.0,17.0,,,237.0,112.0,,,19.0,199.0,207.0,van
103.0,49.0,,,60.0,,,35.0,22.0,,,518.0,178.0,,,8.0,,,saab
,,,,56.0,7.0,,45.0,19.0,147.0,,337.0,176.0,,3.0,16.0,,,bus
86.0,42.0,65.0,,,,152.0,45.0,19.0,,,335.0,172.0,85.0,5.0,4.0,,183.0,bus
100.0,46.0,,187.0,61.0,9.0,,,,,189.0,415.0,,,,9.0,,,saab
86.0,39.0,,,,,,55.0,17.0,,,,,,7.0,8.0,,,van
,,62.0,,,,122.0,55.0,17.0,,143.0,,135.0,,0.0,,181.0,185.0,van
82.0,,68.0,,69.0,,,,,144.0,169.0,,184.0,80.0,,,181.0,,bus
93.0,,,,,7.0,,,21.0,151.0,,452.0,205.0,,,3.0,,202.0,saab
,,,,,9.0,,45.0,,,165.0,,,,1.0,,,207.0,van
96.0,,,,,9.0,,,,,,,,,,,199.0,207.0,van
,,106.0,,51.0,,,26.0,,,,,,83.0,2.0,,,184.0,bus
87.0,44.0,,,75.0,,,,19.0,141.0,,326.0,,69.0,6.0,,,201.0,bus
,,,,,,,45.0,,,167.0,327.0,183.0,75.0,8.0,,,,bus
,,,,55.0,7.0,,,18.0,136.0,154.0,266.0,,,,,180.0,187.0,opel
109.0,,109.0,225.0,68.0,,214.0,31.0,,169.0,,675.0,,,11.0,32.0,189.0,202.0,saab
,37.0,73.0,,,,,42.0,,,,,,,2.0,,,206.0,bus
100.0,,,,62.0,,,,22.0,147.0,,,151.0,66.0,0.0,,193.0,198.0,opel
82.0,43.0,,154.0,,,,,19.0,,,341.0,,,,11.0,,189.0,bus
,,,,57.0,6.0,151.0,45.0,,147.0,170.0,,,82.0,9.0,,,184.0,bus
,,,,,,217.0,31.0,,,,692.0,,67.0,,,192.0,,saab
,46.0,77.0,,52.0,,156.0,,,,,,,,,,183.0,,van
89.0,,85.0,,64.0,,169.0,39.0,,,,,,,,,,201.0,saab
83.0,,,155.0,,,144.0,,,,168.0,309.0,147.0,,,12.0,188.0,,bus
,,,136.0,55.0,,,44.0,,150.0,,,,73.0,,2.0,185.0,,van
,47.0,103.0,215.0,,,,33.0,,147.0,,,,73.0,6.0,,187.0,,opel
,,,,,,,,,,,265.0,144.0,,,,,184.0,saab
,,66.0,130.0,,7.0,,51.0,18.0,,,,123.0,69.0,3.0,,191.0,194.0,van
,,,246.0,102.0,,,,20.0,,200.0,347.0,,,9.0,,,192.0,van
,42.0,76.0,,,,,42.0,,,184.0,362.0,,76.0,6.0,,,,bus
,36.0,,,57.0,8.0,132.0,50.0,,,,260.0,,,3.0,,193.0,,van
,55.0,102.0,,,6.0,,,26.0,,,,247.0,,,11.0,,183.0,bus
,,75.0,164.0,,7.0,,,,131.0,168.0,345.0,,66.0,,0.0,,,bus
,52.0,86.0,207.0,,,,,,,,570.0,,75.0,4.0,,,,bus
,37.0,66.0,,,7.0,132.0,52.0,,,,,,72.0,17.0,,,,saab
,,,192.0,,9.0,177.0,,,135.0,194.0,,,,,35.0,195.0,,saab
,,77.0,171.0,61.0,6.0,172.0,37.0,,,,,141.0,72.0,,,,,bus
106.0,,98.0,,,,215.0,,24.0,,,681.0,,,8.0,,,,saab
93.0,,,,59.0,7.0,151.0,44.0,,,,,174.0,68.0,,2.0,193.0,197.0,opel
94.0,,,193.0,,6.0,,,,133.0,,385.0,,,,14.0,,,bus
,,,149.0,60.0,,,50.0,18.0,134.0,,,119.0,,,,201.0,,van
,,,,,,,,,146.0,,,,79.0,2.0,,,,bus
86.0,45.0,,152.0,63.0,6.0,149.0,,,,,,,,,1.0,,,bus
106.0,48.0,107.0,202.0,,,,32.0,,153.0,,635.0,,,5.0,28.0,,,saab
,52.0,103.0,,,,214.0,,,,,,,66.0,6.0,5.0,189.0,,opel
,,100.0,,,10.0,,,,,210.0,,,,14.0,,196.0,202.0,opel
,,,,62.0,10.0,205.0,32.0,23.0,,222.0,,,65.0,,,,,opel
,,90.0,,61.0,,,,,158.0,,,,69.0,,,191.0,,saab
93.0,,,,,10.0,,43.0,,155.0,,364.0,188.0,75.0,1.0,21.0,,197.0,van
82.0,41.0,,,,,,,19.0,,,328.0,,,5.0,17.0,187.0,,bus
,,104.0,,,9.0,,,23.0,163.0,,,226.0,67.0,12.0,20.0,192.0,,opel
,,63.0,,,7.0,,,,,,,173.0,,,,180.0,,bus
,,,117.0,49.0,,,,,,,249.0,156.0,,8.0,6.0,184.0,,van
91.0,41.0,,131.0,56.0,9.0,126.0,53.0,,,159.0,237.0,155.0,,,10.0,191.0,194.0,van
,,105.0,208.0,,10.0,,36.0,22.0,150.0,,520.0,158.0,64.0,,32.0,,,saab
,37.0,,111.0,,5.0,120.0,,17.0,127.0,,213.0,,,7.0,4.0,181.0,,van
102.0,,,194.0,60.0,,,,,,,731.0,209.0,,7.0,,,,bus
,54.0,100.0,,69.0,10.0,,,25.0,170.0,,,,,,13.0,,,saab
113.0,,,,,,260.0,26.0,,,,,261.0,85.0,,,,183.0,bus
87.0,,65.0,127.0,,8.0,,,,143.0,169.0,322.0,,85.0,6.0,,180.0,182.0,bus
98.0,51.0,,203.0,,10.0,188.0,,22.0,,207.0,,,68.0,,1.0,,,saab
94.0,38.0,,,,,,,,,,,,66.0,,28.0,,204.0,saab
,,,,54.0,,,,19.0,147.0,166.0,,185.0,81.0,,,179.0,,bus
,49.0,,201.0,,10.0,181.0,,21.0,158.0,197.0,494.0,,,,,,,opel
,,,,54.0,,,,,,170.0,,168.0,68.0,10.0,,188.0,,opel
,43.0,,170.0,66.0,,,,19.0,147.0,,334.0,143.0,65.0,2.0,17.0,,206.0,van
,38.0,80.0,,,,161.0,41.0,,,,,,68.0,,15.0,,197.0,saab
,44.0,78.0,,,8.0,,,,,,,,,,,201.0,,van
,52.0,96.0,,59.0,,,35.0,22.0,161.0,,530.0,205.0,,,8.0,,,opel
,57.0,109.0,,66.0,,221.0,30.0,,176.0,234.0,725.0,236.0,,,,,,opel
86.0,,,,,,150.0,45.0,19.0,,,327.0,172.0,,2.0,,180.0,,bus
,,,,55.0,7.0,234.0,28.0,,,243.0,,229.0,,7.0,11.0,187.0,,bus
,,103.0,205.0,,,,,,,,720.0,213.0,,,,,,saab
89.0,44.0,,,,,,44.0,20.0,,163.0,,176.0,76.0,12.0,,184.0,,van
99.0,,88.0,,,,,,,158.0,,625.0,219.0,,,,191.0,,bus
97.0,,,,63.0,10.0,,45.0,,148.0,,,,,,20.0,,205.0,van
87.0,,73.0,158.0,,,151.0,44.0,,138.0,,,152.0,,,,,194.0,bus
,40.0,72.0,155.0,,7.0,,,19.0,135.0,,,,,,,192.0,,bus
86.0,40.0,,,,,140.0,,18.0,,,,,72.0,3.0,,,190.0,opel
83.0,,,,,,135.0,50.0,,,,,141.0,85.0,3.0,6.0,180.0,183.0,saab
,,,,,10.0,,,25.0,,,,203.0,71.0,,6.0,,,opel
99.0,55.0,,219.0,68.0,10.0,,,,,,,,74.0,,,,,opel
,54.0,,188.0,,7.0,236.0,,,164.0,,,,,6.0,14.0,,,bus
,,110.0,228.0,65.0,,,,,,228.0,668.0,220.0,,21.0,,,,saab
88.0,44.0,,,59.0,6.0,,44.0,,,,,,,,,,,opel
95.0,,,,,10.0,145.0,,,148.0,163.0,,166.0,,,6.0,199.0,,van
,,69.0,147.0,58.0,6.0,132.0,,,,155.0,260.0,,61.0,,6.0,203.0,209.0,opel
,,101.0,210.0,,,,,,,,,,,1.0,32.0,,,opel
,,,,60.0,5.0,148.0,,,,,319.0,,,,,,,saab
,,,,,9.0,147.0,,,152.0,,,,,,,,200.0,van
,47.0,,146.0,64.0,6.0,,,,147.0,,,195.0,,,0.0,183.0,,bus
,,,,,9.0,177.0,37.0,,,,472.0,,,,,193.0,201.0,saab
93.0,,,188.0,62.0,10.0,183.0,,21.0,141.0,,,168.0,70.0,,,,197.0,opel
,45.0,76.0,171.0,,7.0,150.0,44.0,19.0,,170.0,340.0,179.0,,12.0,,,,bus
,,,,59.0,,207.0,32.0,,,,,,,,,,202.0,saab
,,,,60.0,,,,19.0,,181.0,,,70.0,,2.0,190.0,196.0,opel
,49.0,,206.0,,9.0,,,,,202.0,,176.0,62.0,3.0,5.0,197.0,,opel
,,,182.0,,12.0,216.0,,24.0,,,,,72.0,,,189.0,,saab
101.0,46.0,,,61.0,,,,,,213.0,578.0,,,7.0,,,,saab
,,,176.0,59.0,,168.0,,,,196.0,,185.0,67.0,,,191.0,,saab
,47.0,,147.0,,,,44.0,19.0,,,349.0,,74.0,,,186.0,197.0,van
87.0,,,,,,154.0,,19.0,,,,172.0,,15.0,,,,opel
,54.0,,203.0,,,,33.0,23.0,164.0,216.0,608.0,,,,3.0,,,saab
,47.0,85.0,,,10.0,,43.0,19.0,155.0,,,186.0,,,5.0,,,van
,,59.0,,63.0,,,,,,151.0,,143.0,,,,,,saab
,45.0,,148.0,,6.0,,,,,,,,75.0,5.0,1.0,183.0,,bus
89.0,,,,57.0,,161.0,,,,187.0,,,72.0,9.0,,,,opel
96.0,41.0,77.0,177.0,64.0,5.0,,,21.0,134.0,205.0,485.0,,74.0,0.0,,196.0,,bus
97.0,,72.0,,71.0,,,,20.0,,178.0,,186.0,70.0,,,,203.0,bus
,,87.0,164.0,64.0,,,43.0,,149.0,,,,,,13.0,,,van
96.0,,77.0,,,,,,,,,,,,,,199.0,203.0,bus
,36.0,,117.0,58.0,4.0,,,,,138.0,,138.0,85.0,,,180.0,,van
,,95.0,,,,,,,,,,,,,19.0,187.0,,bus
,,108.0,193.0,59.0,11.0,217.0,,24.0,,,,,,,22.0,190.0,,saab
,,60.0,132.0,57.0,,,,18.0,129.0,,243.0,,71.0,,14.0,186.0,,saab
,,,,,,,54.0,18.0,,,229.0,,,,5.0,,,saab
,,98.0,209.0,64.0,,217.0,,,,,,,,2.0,,,,opel
80.0,,60.0,,56.0,,,49.0,18.0,,151.0,281.0,142.0,80.0,0.0,5.0,,,opel
106.0,,100.0,,,4.0,250.0,,27.0,,280.0,,262.0,,,,182.0,,bus
,46.0,71.0,,,,,,19.0,148.0,,347.0,,80.0,1.0,,,187.0,bus
,,109.0,,,9.0,217.0,,,,238.0,,206.0,,,,189.0,199.0,opel
88.0,,71.0,,,8.0,142.0,48.0,,143.0,159.0,296.0,174.0,68.0,7.0,18.0,,,opel
94.0,,,159.0,,,157.0,43.0,,158.0,,,203.0,75.0,,,,,van
,43.0,,,63.0,8.0,,,,,,,,68.0,,,191.0,,saab
,,85.0,145.0,,,152.0,,,,175.0,,184.0,73.0,4.0,2.0,186.0,197.0,van
,47.0,85.0,,138.0,49.0,155.0,,,,320.0,354.0,,,,,,196.0,van
100.0,,,207.0,,,227.0,,,,234.0,756.0,,,,19.0,,,opel
,,65.0,113.0,,,152.0,45.0,,,,,171.0,,,,179.0,,bus
,38.0,,,,25.0,140.0,,,139.0,162.0,296.0,,67.0,4.0,,,,van
,,90.0,,,,,,,,,,143.0,66.0,,,194.0,,van
86.0,,,,68.0,,,,,146.0,176.0,,,,7.0,3.0,,,bus
90.0,,,,63.0,,176.0,37.0,21.0,154.0,205.0,,222.0,,,,,195.0,saab
,37.0,,169.0,,,161.0,,,,,391.0,,72.0,,,,192.0,opel
,57.0,,177.0,,5.0,256.0,26.0,,170.0,,,,,,,,181.0,bus
89.0,41.0,,,,,,43.0,,136.0,,352.0,154.0,,2.0,0.0,188.0,,bus
98.0,38.0,70.0,,,6.0,,,20.0,136.0,189.0,413.0,,,3.0,,200.0,,bus
87.0,,,,64.0,10.0,133.0,50.0,,,,,159.0,67.0,7.0,,,,van
107.0,53.0,,213.0,64.0,,,32.0,,,216.0,627.0,,65.0,21.0,,194.0,205.0,saab
,37.0,,,,,,44.0,,,179.0,,136.0,69.0,6.0,,,,opel
101.0,,105.0,,,,212.0,31.0,24.0,,,,,,12.0,,186.0,,opel
,,77.0,,,8.0,140.0,47.0,18.0,,161.0,294.0,,,,,,,van
103.0,,101.0,,62.0,,,,23.0,158.0,,595.0,,,,,192.0,202.0,opel
,,,,,7.0,150.0,,19.0,137.0,,341.0,,,2.0,,196.0,,bus
80.0,,,130.0,,,134.0,,18.0,,,,135.0,76.0,,,,,opel
,,,,,,,47.0,19.0,,,,,,,,186.0,,saab
,,,,,,146.0,,,,,322.0,176.0,,,6.0,,,bus
,,,175.0,60.0,,,39.0,,134.0,191.0,,,,,28.0,,,saab
89.0,,,,64.0,9.0,,41.0,,151.0,,,174.0,,,,194.0,,saab
,,,,56.0,,120.0,,,124.0,135.0,209.0,,,,12.0,,,opel
80.0,,71.0,,60.0,,,45.0,,,,330.0,176.0,81.0,6.0,15.0,180.0,,bus
,36.0,78.0,,,,,48.0,,123.0,,,,66.0,4.0,,,,opel
,45.0,82.0,,,,159.0,,,,,362.0,,,10.0,21.0,,193.0,van
101.0,,,184.0,,,,31.0,24.0,,220.0,685.0,,,4.0,,190.0,201.0,opel
,44.0,70.0,158.0,,,141.0,,18.0,143.0,164.0,,,,,11.0,,199.0,bus
96.0,,,,70.0,,,,19.0,,,341.0,127.0,69.0,,,,205.0,bus
87.0,43.0,,,,,,44.0,,,,,,76.0,6.0,,,,bus
93.0,34.0,,,56.0,,,50.0,,123.0,,,,,,,,,saab
96.0,,,,51.0,6.0,,,18.0,139.0,,255.0,150.0,,,,,182.0,van
98.0,48.0,101.0,,61.0,,207.0,,,,,650.0,,,5.0,7.0,,196.0,opel
,,,,,,140.0,,,,,298.0,,,,,,,saab
85.0,45.0,,,,,149.0,45.0,,,169.0,326.0,186.0,,8.0,4.0,181.0,,bus
91.0,,,,,9.0,,36.0,,,,,153.0,,11.0,24.0,193.0,,opel
89.0,,69.0,,,,,,18.0,126.0,,,128.0,,3.0,,193.0,203.0,opel
,,98.0,203.0,,,220.0,30.0,,,,,214.0,,,24.0,,197.0,opel
,38.0,89.0,,,9.0,169.0,,20.0,,190.0,,,,,,193.0,,opel
112.0,,104.0,,58.0,11.0,,,,,,639.0,186.0,,,22.0,191.0,,saab
,37.0,70.0,,62.0,9.0,136.0,,18.0,,159.0,280.0,140.0,,,9.0,,202.0,van
,,,206.0,,,217.0,31.0,24.0,168.0,226.0,,209.0,,,,,,saab
99.0,47.0,,226.0,,5.0,,,,,,,186.0,,,11.0,192.0,,bus
,,,,,7.0,,,19.0,,,,,,6.0,,185.0,191.0,saab
,42.0,70.0,,56.0,,,45.0,,,,,172.0,82.0,10.0,14.0,,,bus
104.0,,105.0,168.0,54.0,,,32.0,,162.0,220.0,641.0,221.0,,,,187.0,,saab
,,,145.0,,,130.0,51.0,,,150.0,,121.0,,,,195.0,,van
,,,123.0,,7.0,,,18.0,144.0,164.0,,155.0,,,,185.0,185.0,van
,40.0,,131.0,55.0,,,45.0,,,167.0,,165.0,,,1.0,,,opel
,49.0,86.0,,,,177.0,,,,,473.0,,,,,192.0,198.0,opel
,,109.0,,,11.0,,,,,207.0,586.0,,61.0,,,194.0,,saab
,51.0,98.0,,,,,,,161.0,219.0,572.0,,,0.0,,192.0,201.0,saab
,47.0,73.0,,58.0,,161.0,,20.0,153.0,172.0,,185.0,,,8.0,,191.0,van
,36.0,,,56.0,,119.0,,17.0,130.0,,,118.0,,,14.0,192.0,,van
,,,204.0,,10.0,185.0,,,,,517.0,,,12.0,11.0,194.0,,opel
,53.0,,,,,,,,,,,242.0,,7.0,,,,bus
,,,,59.0,9.0,157.0,44.0,,,,356.0,,,,3.0,,,van
,,,,,,,,,,208.0,527.0,203.0,,14.0,15.0,,,saab
95.0,,,,,,212.0,31.0,,175.0,224.0,,,,0.0,,186.0,193.0,opel
,,,,,,,,,,,,,78.0,,,192.0,192.0,bus
91.0,39.0,,164.0,68.0,10.0,,,,,164.0,308.0,,68.0,13.0,,191.0,201.0,van
,46.0,,185.0,,7.0,,42.0,,147.0,178.0,362.0,,,,,,,bus
94.0,,,,,,162.0,41.0,,,178.0,,,,6.0,,198.0,,opel
92.0,38.0,,178.0,62.0,9.0,,41.0,,,,388.0,,63.0,,29.0,,206.0,opel
95.0,43.0,,159.0,,6.0,,45.0,,141.0,,,,,8.0,4.0,195.0,,bus
106.0,,,213.0,64.0,11.0,,33.0,23.0,,,,204.0,,,,,,saab
,,,139.0,,,149.0,,19.0,145.0,,323.0,,83.0,,,180.0,,bus
,43.0,,,52.0,,,49.0,,,,282.0,,,,,,,van
,,,,,,,,,,,,,,,,,,van
,,105.0,,,,218.0,,,173.0,226.0,,250.0,,10.0,2.0,,,opel
,,90.0,,,,,37.0,,144.0,189.0,,138.0,,,,,208.0,saab
90.0,,62.0,,,,,,,,,,,,13.0,4.0,,,van
,52.0,,211.0,,,,33.0,,161.0,218.0,602.0,200.0,,9.0,,,,opel
97.0,47.0,81.0,,,8.0,,39.0,20.0,150.0,,,,,,,192.0,,opel
,,,,52.0,,152.0,,,133.0,,,163.0,,,,,,opel
100.0,,80.0,206.0,70.0,,183.0,,,,206.0,,,,,,,199.0,bus
,43.0,,,,,,45.0,19.0,,,,173.0,,7.0,,181.0,186.0,bus
,43.0,70.0,147.0,,8.0,,,19.0,145.0,,319.0,,,1.0,12.0,,,bus
,,,,,,,,,175.0,,,,,,23.0,186.0,,opel
,,,,,,220.0,,,163.0,,711.0,,,,16.0,,,saab
,40.0,,,59.0,,,,17.0,,,,,62.0,,1.0,,,van
,44.0,,151.0,63.0,,137.0,,,146.0,,,167.0,,,,188.0,194.0,van
,,109.0,,67.0,,218.0,,,174.0,230.0,706.0,226.0,,,22.0,,202.0,opel
105.0,50.0,,,54.0,,,,25.0,159.0,254.0,735.0,,,,,186.0,,bus
107.0,,105.0,202.0,,,,,,,,,,,,1.0,,,opel
,40.0,,,57.0,,,,,,,342.0,,,,,,187.0,opel
,55.0,104.0,,,,,32.0,24.0,,,,223.0,74.0,,,,196.0,saab
,55.0,101.0,,57.0,13.0,225.0,30.0,25.0,177.0,225.0,741.0,,71.0,5.0,,186.0,,opel
,46.0,78.0,,,11.0,,43.0,,160.0,170.0,,,,,9.0,,194.0,van
94.0,,89.0,,,5.0,,,22.0,,,533.0,182.0,,4.0,13.0,195.0,198.0,bus
86.0,42.0,64.0,122.0,54.0,6.0,,46.0,19.0,,,,,,,,179.0,,bus
,,,201.0,,10.0,214.0,,,,224.0,,,74.0,1.0,1.0,,,saab
104.0,,,,,,,31.0,,,,,196.0,,,,,196.0,opel
,,,181.0,62.0,,,40.0,,,,418.0,,67.0,12.0,,,,opel
,38.0,,,,8.0,,47.0,18.0,131.0,,301.0,,,,,,196.0,van
,,,143.0,,11.0,161.0,,,,,374.0,186.0,75.0,,2.0,,,van
,,,,,6.0,,44.0,,,174.0,,,,3.0,,,186.0,bus
,57.0,,,72.0,,221.0,,25.0,,,718.0,,,,,,195.0,opel
,,,,,,160.0,,20.0,147.0,180.0,383.0,,,,11.0,192.0,,saab
82.0,,,,,,,,19.0,,,,,71.0,,18.0,,189.0,opel
102.0,,,193.0,57.0,,,31.0,24.0,162.0,219.0,,,,,,191.0,201.0,opel
,54.0,,,,,220.0,31.0,,174.0,,709.0,214.0,70.0,,23.0,,,saab
,,76.0,175.0,,,,,20.0,149.0,180.0,370.0,169.0,63.0,16.0,,198.0,,saab
,,66.0,,,6.0,151.0,,,143.0,,333.0,168.0,,,9.0,180.0,,bus
102.0,,98.0,,,,,,,171.0,219.0,,,,,,,,opel
,,,164.0,48.0,,,,,165.0,269.0,891.0,,,,,181.0,,bus
,,,179.0,,6.0,156.0,,,,,373.0,191.0,69.0,5.0,5.0,193.0,198.0,bus
106.0,,,,,11.0,,,,170.0,,,214.0,68.0,,,,201.0,opel
,43.0,82.0,,,10.0,155.0,43.0,,,,359.0,,74.0,,6.0,,,van
,36.0,,,57.0,3.0,,57.0,17.0,,,,,88.0,,,180.0,,van
,54.0,,,53.0,,,,24.0,,,692.0,223.0,,0.0,31.0,,,opel
,56.0,100.0,204.0,62.0,,227.0,30.0,25.0,,,757.0,,73.0,,,186.0,,opel
,,96.0,185.0,57.0,,219.0,,,,231.0,,,75.0,,12.0,187.0,,opel
,,,128.0,,8.0,,,,,,,,76.0,,27.0,183.0,,opel
,,72.0,,,7.0,,,19.0,,170.0,314.0,149.0,77.0,,18.0,,,saab
97.0,,,,,,,34.0,22.0,147.0,,,,,,14.0,188.0,,opel
,53.0,,205.0,64.0,11.0,,,25.0,,,,,,,11.0,,199.0,saab
,51.0,,,59.0,11.0,,,24.0,162.0,,,,,,,190.0,206.0,saab
,,,,,,,45.0,,,172.0,331.0,,,,,191.0,198.0,opel
95.0,46.0,,,,11.0,160.0,,20.0,157.0,176.0,372.0,171.0,,7.0,,189.0,,van
101.0,,,182.0,,,,31.0,24.0,,221.0,678.0,,74.0,,,,,opel
,,,,56.0,,,,,,166.0,317.0,171.0,,6.0,9.0,179.0,,bus
88.0,,77.0,156.0,,,,,20.0,,,395.0,140.0,67.0,1.0,,192.0,198.0,opel
,,107.0,,56.0,11.0,223.0,30.0,25.0,,225.0,729.0,,,,,,,opel
95.0,37.0,,171.0,,9.0,157.0,,20.0,,,365.0,,63.0,5.0,,,,saab
,38.0,,,,,,,18.0,133.0,167.0,,,72.0,7.0,7.0,189.0,193.0,van
,38.0,,,58.0,,133.0,,18.0,127.0,152.0,259.0,,87.0,,21.0,177.0,,opel
,,,,60.0,8.0,,45.0,19.0,142.0,,,,62.0,,,,211.0,opel
,,108.0,228.0,68.0,,218.0,31.0,25.0,,223.0,700.0,,,13.0,,190.0,204.0,saab
,,,,,,152.0,,19.0,,173.0,,,76.0,,,182.0,,saab
,,,155.0,62.0,,,,18.0,,156.0,,,63.0,3.0,,,,van
,,89.0,174.0,58.0,8.0,,,21.0,,,,,,,,,196.0,saab
,,73.0,139.0,,,,,18.0,138.0,166.0,,137.0,,,,,188.0,van
89.0,36.0,69.0,,63.0,6.0,140.0,48.0,18.0,131.0,164.0,,,,1.0,,,204.0,saab
,,,,97.0,,,,19.0,,,,,91.0,5.0,,,,van
,52.0,,,,11.0,218.0,,24.0,167.0,,701.0,,66.0,,20.0,,203.0,opel
,,,,57.0,,,41.0,20.0,147.0,,,,,,,,,saab
,44.0,,202.0,,9.0,,,22.0,,216.0,,,,,,190.0,197.0,saab
109.0,,,,,,,,,,212.0,,186.0,,,,,,opel
,,,,,,167.0,,,152.0,184.0,,,,,,,,bus
86.0,,,119.0,,,150.0,,,,169.0,326.0,,,,,179.0,,bus
,,90.0,178.0,,8.0,,,,,200.0,,,68.0,13.0,16.0,,199.0,saab
,55.0,,167.0,,,,,28.0,,,,239.0,,5.0,30.0,,186.0,bus
,49.0,105.0,209.0,,,207.0,32.0,,,,637.0,168.0,,,,193.0,,saab
,,,134.0,,,123.0,55.0,17.0,,148.0,,,,,3.0,,188.0,van
,,,,,,,51.0,,,,261.0,151.0,85.0,,,183.0,,van
98.0,,88.0,,67.0,,,43.0,,,,,,,14.0,,,202.0,van
,,,213.0,,,222.0,,25.0,,226.0,,,,2.0,,187.0,199.0,saab
,40.0,66.0,,59.0,,,,,,145.0,,,,,11.0,,208.0,van
101.0,,,212.0,67.0,,201.0,,,156.0,215.0,601.0,,,4.0,11.0,,196.0,opel
109.0,55.0,,,57.0,6.0,241.0,,,170.0,,857.0,242.0,85.0,,,,,bus
,45.0,74.0,,,,157.0,,,,179.0,,183.0,70.0,,,,,bus
,,,,,,,52.0,,,148.0,,113.0,63.0,,,,206.0,van
93.0,,86.0,,,9.0,,,20.0,,,,129.0,,6.0,,,,saab
,,74.0,187.0,68.0,,,,,,183.0,378.0,,,,,,197.0,saab
88.0,,,,,,,44.0,19.0,143.0,,342.0,168.0,,1.0,,186.0,,bus
88.0,44.0,84.0,,55.0,12.0,,44.0,,,,351.0,,75.0,,11.0,,195.0,van
92.0,40.0,66.0,,48.0,,139.0,,19.0,,,,148.0,,,,,,van
,,,151.0,61.0,8.0,,,18.0,,163.0,,,,7.0,,,203.0,bus
94.0,39.0,,,,,155.0,,,133.0,,,,,4.0,5.0,,,bus
,,,182.0,,11.0,,,24.0,162.0,,,,,,,,,saab
86.0,,,,,4.0,,57.0,,,,208.0,152.0,,9.0,,,186.0,van
79.0,39.0,,127.0,,,,,,,165.0,,,,,,,,opel
,,,181.0,62.0,8.0,,,,132.0,,458.0,,70.0,,,,,saab
,,,,57.0,8.0,,46.0,,145.0,,,186.0,86.0,0.0,,179.0,182.0,bus
,,,208.0,,9.0,,,23.0,151.0,216.0,,183.0,,,,,,saab
,49.0,,190.0,,9.0,,,,,,,,,11.0,,,,opel
,56.0,,246.0,,6.0,,28.0,,167.0,,855.0,,,9.0,,,185.0,bus
,,66.0,138.0,,4.0,137.0,,,,,,,,6.0,14.0,,,saab
85.0,,66.0,121.0,54.0,7.0,,,19.0,,,324.0,,,,,179.0,182.0,bus
,,,,,,217.0,,24.0,171.0,232.0,,,,2.0,6.0,187.0,,saab
105.0,,,,56.0,,219.0,,25.0,,,,216.0,,,,187.0,,opel
,39.0,88.0,194.0,,,168.0,,,133.0,,,151.0,74.0,,22.0,,192.0,opel
,,,,62.0,,216.0,,,,221.0,,196.0,72.0,,,,,saab
,42.0,,140.0,55.0,,145.0,,19.0,139.0,,,,,,26.0,,,opel
98.0,,,,,5.0,,,,,184.0,,,71.0,3.0,,,,bus
,,85.0,,,11.0,175.0,38.0,,,192.0,,,,5.0,22.0,197.0,,saab
,,,,,,208.0,,24.0,162.0,,648.0,,71.0,,,,,saab
91.0,40.0,,,60.0,8.0,,,20.0,133.0,189.0,,,,,,,,saab
,43.0,,,,6.0,,46.0,,,,,,87.0,,,,,bus
,35.0,,,64.0,,,,,129.0,,,,,6.0,2.0,195.0,,van
105.0,,108.0,,,,222.0,,,168.0,,,,,,35.0,,203.0,saab
94.0,,,,,,152.0,,,,,,187.0,,12.0,,,,saab
96.0,,87.0,169.0,,,,44.0,,149.0,167.0,351.0,174.0,,9.0,,,201.0,van
,,80.0,,54.0,11.0,,,20.0,,175.0,369.0,,77.0,,7.0,182.0,193.0,van
104.0,,105.0,216.0,68.0,,,32.0,,169.0,221.0,623.0,,71.0,,18.0,,196.0,opel
,54.0,,,,,,,,167.0,229.0,677.0,,,,23.0,,,saab
,53.0,103.0,,,,219.0,,,,229.0,,,71.0,6.0,3.0,188.0,199.0,saab
,,,,62.0,,200.0,,,,,,,70.0,,,,,opel
92.0,46.0,,170.0,,8.0,,40.0,,149.0,,,164.0,,,11.0,,,opel
84.0,,66.0,,62.0,,126.0,,18.0,132.0,,,139.0,,4.0,,,,opel
,42.0,66.0,,,,,45.0,,,,,163.0,85.0,5.0,4.0,,,bus
,,,,,8.0,,,18.0,130.0,,,,,7.0,,,,van
,53.0,104.0,,56.0,11.0,220.0,31.0,25.0,,226.0,712.0,214.0,,15.0,,189.0,,saab
,54.0,,,,11.0,213.0,,24.0,,218.0,669.0,,,,,,,saab
,,89.0,199.0,,6.0,,32.0,23.0,,,622.0,205.0,,,,193.0,,bus
,,,,57.0,,,57.0,,125.0,,200.0,,,,,,,van
98.0,,,168.0,53.0,,,,25.0,,,737.0,217.0,73.0,,,,,opel
84.0,38.0,,,,,139.0,,,127.0,160.0,282.0,,,,,183.0,191.0,opel
89.0,,78.0,153.0,,7.0,146.0,,,127.0,166.0,314.0,,,,9.0,,,opel
,,105.0,,,,,,25.0,177.0,,,,75.0,14.0,,,,opel
,,,,55.0,,150.0,46.0,,148.0,,,,,,11.0,,,bus
80.0,36.0,69.0,,,,,53.0,18.0,,147.0,240.0,133.0,,,,,,opel
,,,141.0,,,153.0,,,144.0,,,,,,,,188.0,bus
89.0,,,,,8.0,,,,,,,,,13.0,,194.0,201.0,saab
83.0,40.0,,,53.0,7.0,132.0,52.0,,,,,157.0,84.0,,6.0,,183.0,van
,,,,,6.0,178.0,,,,,,,,,6.0,,,opel
90.0,40.0,83.0,,,8.0,178.0,,,,,,,,1.0,,187.0,,opel
88.0,42.0,66.0,133.0,,,,,17.0,,147.0,,,,,,193.0,,van
,43.0,,161.0,,5.0,,,,141.0,,534.0,,,0.0,6.0,195.0,,bus
93.0,,,146.0,58.0,,128.0,52.0,,134.0,,,,,9.0,,,,saab
98.0,,,,,,,,,150.0,184.0,,180.0,69.0,13.0,,200.0,,bus
,39.0,78.0,,66.0,8.0,,,18.0,,,,,,4.0,7.0,201.0,,van
,51.0,109.0,,70.0,,220.0,30.0,,,,722.0,,,,19.0,,,opel
,,85.0,,,,160.0,,20.0,125.0,187.0,385.0,,,9.0,,,,saab
88.0,,,183.0,62.0,,176.0,38.0,,138.0,,462.0,150.0,,0.0,29.0,,,opel
97.0,53.0,,,,12.0,,30.0,,167.0,226.0,713.0,,70.0,3.0,,186.0,200.0,saab
,,70.0,,61.0,,,,18.0,,,,,,,,,,van
86.0,,,,,6.0,,57.0,17.0,,137.0,,,,7.0,,199.0,204.0,van
85.0,,,,,9.0,,,,,145.0,,123.0,,,24.0,,,opel
,,60.0,116.0,,,,,,,,324.0,,85.0,2.0,14.0,,,bus
103.0,,,,,10.0,210.0,32.0,,,,648.0,218.0,,13.0,,,,opel
90.0,49.0,85.0,,57.0,11.0,,,20.0,167.0,,365.0,,,,11.0,182.0,192.0,van
,,42.0,,,3.0,,,17.0,119.0,131.0,191.0,,87.0,,7.0,,183.0,opel
,,75.0,,71.0,,161.0,,,,,,135.0,69.0,,14.0,,,bus
85.0,,50.0,104.0,53.0,,,,,,,193.0,127.0,,1.0,,,,saab
,,,,,,,,,,,,120.0,,,,204.0,,opel
92.0,42.0,69.0,,58.0,8.0,,48.0,,,,,,,10.0,,,206.0,opel
83.0,,49.0,,,,,,,,,219.0,146.0,,,16.0,,,van
98.0,39.0,,136.0,56.0,,,52.0,,,,251.0,,72.0,,,,,van
97.0,,,,54.0,,216.0,,,,,,218.0,75.0,0.0,4.0,,,opel
,,,234.0,,,,30.0,,,,,214.0,,8.0,,,,saab
90.0,48.0,81.0,,,,150.0,44.0,,,,333.0,200.0,,,,,195.0,van
96.0,,100.0,178.0,58.0,,,,21.0,,,486.0,,,5.0,,,202.0,saab
106.0,,,207.0,64.0,,221.0,31.0,,168.0,,,,73.0,,,,,saab
,,75.0,136.0,55.0,6.0,,48.0,18.0,125.0,166.0,290.0,,71.0,4.0,,,195.0,saab
,,,,63.0,,213.0,,24.0,166.0,,,,,,21.0,,,saab
,,,166.0,69.0,5.0,,,,,166.0,,,,,6.0,188.0,,bus
,,,,,7.0,144.0,46.0,,141.0,,312.0,,,,,,,bus
,51.0,84.0,,,7.0,,35.0,21.0,161.0,199.0,520.0,,,,,,,bus
,,63.0,144.0,59.0,7.0,,,,,,259.0,162.0,,,,,,van
,40.0,,,,,133.0,,18.0,135.0,152.0,,166.0,,9.0,,,,saab
103.0,,107.0,,,,208.0,,,,,644.0,,66.0,1.0,12.0,,,opel
86.0,,70.0,,64.0,,,45.0,19.0,145.0,,,185.0,82.0,10.0,,,,bus
,52.0,,213.0,,,,33.0,,,,616.0,186.0,,0.0,,193.0,,opel
81.0,38.0,53.0,123.0,,6.0,134.0,51.0,18.0,128.0,,,,,,,,,opel
,41.0,,133.0,56.0,,130.0,,,,,,,,,7.0,184.0,186.0,van
96.0,41.0,,,,,,,,,162.0,,,61.0,,,202.0,,saab
,44.0,,,56.0,,152.0,,19.0,,168.0,,177.0,,4.0,,,,bus
97.0,49.0,76.0,203.0,73.0,,178.0,,,157.0,,,186.0,,0.0,,,,bus
108.0,55.0,,230.0,,,,30.0,24.0,171.0,,709.0,210.0,,,4.0,190.0,,opel
91.0,,98.0,196.0,,9.0,193.0,,22.0,,,,244.0,69.0,,1.0,,,opel
,,,,,,,,,143.0,,359.0,,,5.0,,185.0,190.0,bus
95.0,,104.0,208.0,,,191.0,,22.0,,,,169.0,,,28.0,,200.0,saab
,,83.0,198.0,69.0,,,36.0,,,,484.0,163.0,,,4.0,,198.0,bus
,,88.0,,,,,,,148.0,,,,70.0,,,192.0,,van
,44.0,,,,,152.0,,19.0,,174.0,345.0,,,,,187.0,,opel
90.0,,79.0,,69.0,,,40.0,,,178.0,,,,2.0,,,205.0,bus
,,,,54.0,,147.0,,,131.0,,,,75.0,,,,,saab
105.0,53.0,105.0,184.0,,11.0,211.0,31.0,,,,,,71.0,0.0,,,,saab
89.0,38.0,77.0,,,,149.0,,,,,,,,,,,193.0,saab
,,104.0,213.0,67.0,9.0,206.0,,23.0,167.0,223.0,,220.0,,,,,,saab
85.0,40.0,,136.0,58.0,6.0,,,19.0,137.0,164.0,,,77.0,,22.0,182.0,,saab
97.0,,,,,,,41.0,,131.0,,,,62.0,,,,211.0,opel
,,,,63.0,,,,21.0,,,481.0,,,4.0,,,,opel
100.0,47.0,,,60.0,10.0,,,,155.0,,,169.0,,15.0,,,210.0,saab
86.0,35.0,44.0,110.0,,,,57.0,,,,208.0,137.0,90.0,,,,,van
,42.0,,156.0,,,,,,143.0,,,,75.0,,,187.0,,bus
,,85.0,,,,158.0,,,158.0,,,,,,,183.0,193.0,van
91.0,39.0,77.0,153.0,59.0,,,,,,,289.0,,,,,,,van
96.0,,,,67.0,9.0,,,,,,525.0,214.0,,,,,,saab
,35.0,60.0,,,,128.0,,,129.0,147.0,246.0,,,,6.0,202.0,,van
,46.0,,,,9.0,,,22.0,,209.0,561.0,,,11.0,7.0,194.0,,saab
87.0,,66.0,,,,,46.0,19.0,136.0,,,,79.0,,,181.0,185.0,saab
89.0,,,,61.0,,164.0,,20.0,,,,190.0,,7.0,10.0,187.0,193.0,saab
90.0,43.0,,157.0,64.0,,136.0,,,145.0,,,,64.0,,,201.0,209.0,van
90.0,47.0,,161.0,,,,42.0,,,177.0,389.0,,,,,,195.0,van
102.0,,96.0,,,10.0,,36.0,,142.0,,,,,8.0,,195.0,204.0,opel
,,,223.0,66.0,,,,,164.0,223.0,659.0,,,,,190.0,203.0,saab
,,,175.0,,,,,,155.0,172.0,358.0,192.0,,,,,200.0,van
85.0,44.0,66.0,125.0,,6.0,148.0,45.0,19.0,,170.0,323.0,185.0,,,,180.0,183.0,bus
95.0,,96.0,,,9.0,,,22.0,161.0,,,,,13.0,0.0,,,opel
,,83.0,,63.0,9.0,,38.0,,,199.0,,,65.0,,,,,opel
97.0,,,183.0,,,,33.0,,,214.0,,201.0,,8.0,0.0,,191.0,bus
,,,,59.0,7.0,,45.0,19.0,131.0,169.0,,,,,,,203.0,opel
,,,180.0,,8.0,154.0,43.0,,,180.0,353.0,,,6.0,,,195.0,saab
100.0,,109.0,,,11.0,,30.0,25.0,,,752.0,207.0,,,13.0,,198.0,opel
,,73.0,158.0,,,,,19.0,,,337.0,,,2.0,17.0,,188.0,bus
,51.0,,,,6.0,,33.0,,,,579.0,188.0,75.0,6.0,20.0,,,bus
86.0,,70.0,,56.0,7.0,148.0,,,,170.0,,,,,5.0,,183.0,bus
,,76.0,183.0,,,,,,,181.0,373.0,153.0,74.0,,12.0,,,bus
,46.0,,,,11.0,162.0,42.0,,155.0,175.0,381.0,,,,4.0,,,van
,,,,70.0,,,39.0,20.0,148.0,183.0,,171.0,69.0,,,,,bus
90.0,,73.0,137.0,,,,,,158.0,170.0,,186.0,76.0,0.0,9.0,,,van
,,,,57.0,5.0,,,27.0,169.0,272.0,928.0,268.0,,11.0,10.0,183.0,183.0,bus
99.0,,,,,,,,,,,414.0,,,,22.0,200.0,202.0,bus
,,,,53.0,7.0,,,,,,,,85.0,,7.0,,,bus
88.0,40.0,,146.0,,,,,18.0,,,,144.0,,,,,200.0,opel
,57.0,107.0,235.0,,6.0,262.0,26.0,,,,,260.0,86.0,,,180.0,,bus
,,52.0,121.0,,,,55.0,,125.0,,,,82.0,5.0,,,184.0,saab
,,105.0,197.0,,11.0,,,22.0,162.0,,,194.0,64.0,,,196.0,,saab
,,,,,9.0,169.0,,,,,,,,2.0,9.0,,,saab
86.0,45.0,,,70.0,,146.0,,19.0,,,,189.0,71.0,,,,,bus
,,100.0,,,,,,,159.0,,576.0,,,,,,205.0,saab
,46.0,,,55.0,11.0,,,,161.0,173.0,,171.0,77.0,,16.0,,,van
,43.0,92.0,,62.0,10.0,,,21.0,143.0,,489.0,153.0,64.0,,9.0,195.0,,saab
92.0,,66.0,125.0,52.0,7.0,,50.0,18.0,,,,161.0,81.0,7.0,19.0,,184.0,van
,,82.0,156.0,59.0,8.0,153.0,43.0,,,,,,,1.0,1.0,187.0,,saab
,,75.0,,70.0,6.0,,42.0,19.0,131.0,184.0,,127.0,,0.0,,198.0,202.0,bus
,42.0,71.0,152.0,,,,45.0,,,172.0,,,,2.0,2.0,,,bus
,,83.0,,,,,,,147.0,,417.0,,73.0,12.0,,,,opel
,,,,,11.0,,,,,,,191.0,71.0,,,188.0,,opel
108.0,49.0,,,62.0,10.0,,32.0,,,,635.0,215.0,,6.0,16.0,,,saab
,,83.0,,59.0,,,,,,,,,,,0.0,195.0,,opel
,,,,,8.0,,,,145.0,156.0,,,63.0,,,,210.0,van
,,,,,,,32.0,,,,,215.0,,3.0,,,,opel
110.0,,,,,,,31.0,,,,,221.0,73.0,17.0,,,,saab
82.0,43.0,,,105.0,,139.0,48.0,18.0,,231.0,289.0,,99.0,,,190.0,,van
92.0,35.0,,,,,,,,132.0,142.0,,116.0,64.0,6.0,,,,van
,49.0,,137.0,,,159.0,,20.0,,176.0,,,76.0,,7.0,183.0,,van
,,96.0,,,,,,21.0,,199.0,474.0,149.0,67.0,,29.0,193.0,,opel
,54.0,,201.0,,,,,25.0,165.0,246.0,,,,,,,187.0,bus
,,,206.0,,,198.0,33.0,23.0,,,,,,,,187.0,196.0,saab
105.0,45.0,,195.0,,10.0,,,,,214.0,586.0,,,8.0,5.0,192.0,,saab
,,108.0,211.0,,,,,25.0,,,704.0,,,,21.0,,203.0,saab
94.0,44.0,70.0,186.0,,,153.0,,19.0,144.0,171.0,,178.0,,,,,,bus
100.0,,109.0,,68.0,10.0,222.0,30.0,25.0,,,731.0,,,7.0,,,,opel
,41.0,,,,,175.0,38.0,21.0,,,459.0,147.0,63.0,1.0,,196.0,205.0,saab
96.0,,74.0,,,,163.0,,,,,408.0,,70.0,,,196.0,,bus
,52.0,,,,,,,25.0,166.0,,,,74.0,10.0,28.0,,,opel
104.0,53.0,101.0,199.0,65.0,11.0,,,24.0,,,,,,12.0,12.0,187.0,198.0,saab
91.0,,,172.0,,,167.0,,20.0,,,415.0,145.0,,0.0,,189.0,,opel
,,,,,,215.0,,,168.0,226.0,,,,,22.0,,,saab
94.0,,,163.0,,,,44.0,,,170.0,,176.0,,17.0,11.0,187.0,,van
105.0,,100.0,,,,,34.0,,,,,,65.0,5.0,,,,opel
94.0,,85.0,,63.0,,,43.0,,,,,162.0,68.0,,,,,van
,37.0,,,,8.0,132.0,51.0,,135.0,,,,,0.0,12.0,,192.0,van
,,105.0,,,,,,,152.0,,,178.0,,,,,,saab
,44.0,68.0,190.0,70.0,7.0,,,,145.0,,,,67.0,5.0,,,206.0,bus
85.0,,72.0,,,,,,18.0,125.0,144.0,233.0,,,3.0,30.0,,194.0,opel
,,,232.0,71.0,,205.0,,,153.0,226.0,633.0,,,,,188.0,,opel
,55.0,,,,,,,25.0,,,730.0,,74.0,,,187.0,,opel
,,,170.0,,7.0,236.0,28.0,,160.0,,,,82.0,,,183.0,184.0,bus
,45.0,,,69.0,,,46.0,,148.0,,,176.0,,2.0,,,,van
,57.0,102.0,181.0,,,,,28.0,,287.0,,261.0,,2.0,,182.0,184.0,bus
,,,,,,,,,139.0,142.0,,158.0,,0.0,7.0,,183.0,van
,,,,,7.0,154.0,43.0,19.0,,,352.0,,71.0,,,,,opel
,,,217.0,,,,,,,220.0,621.0,195.0,,,19.0,,197.0,saab
,,93.0,,,7.0,217.0,,,,240.0,,,81.0,,,188.0,188.0,bus
,50.0,,204.0,,6.0,,30.0,24.0,,232.0,,,,8.0,,,189.0,bus
96.0,,,,,,,,,,167.0,,159.0,67.0,,10.0,192.0,202.0,van
,52.0,,,,,215.0,,24.0,162.0,,,212.0,67.0,,7.0,,199.0,saab
87.0,,74.0,,,,,,,134.0,173.0,318.0,139.0,,3.0,,,,bus
,,,,,,,,18.0,,,284.0,,,,,192.0,,opel
,,,,65.0,9.0,197.0,,23.0,,216.0,,,,,,189.0,197.0,saab
,,,174.0,,10.0,,,19.0,,,,182.0,69.0,14.0,,194.0,,van
,43.0,69.0,141.0,,,,44.0,,145.0,,,,,,,,,bus
,,,,,9.0,134.0,50.0,18.0,,,,164.0,,,,191.0,,van
,43.0,,123.0,53.0,7.0,,,,147.0,169.0,,,81.0,7.0,14.0,,,bus
,,,,,,,,,,169.0,339.0,179.0,,,4.0,,,van
,51.0,,209.0,69.0,,183.0,,,,211.0,506.0,,,,1.0,,196.0,saab
,,78.0,170.0,,7.0,,,21.0,,197.0,,160.0,68.0,,,191.0,200.0,saab
,36.0,,,56.0,5.0,,,,,,,,81.0,13.0,,,184.0,van
100.0,,73.0,,,,,40.0,20.0,,189.0,,125.0,72.0,6.0,19.0,,204.0,bus
,,72.0,,60.0,8.0,,44.0,,133.0,166.0,334.0,,63.0,2.0,,,,saab
,,,148.0,61.0,8.0,,,,142.0,,,,68.0,,,,201.0,van
86.0,,,,,5.0,117.0,,,,140.0,,,,,,,194.0,van
95.0,53.0,,,,10.0,193.0,,22.0,,,559.0,,71.0,,,,,saab
,43.0,,,,7.0,,,,140.0,,,,72.0,13.0,,186.0,,saab
,45.0,68.0,,,,,,,151.0,,,,81.0,,,,,bus
94.0,50.0,,,,10.0,156.0,44.0,,170.0,,,,77.0,,6.0,,191.0,van
,45.0,,,62.0,10.0,188.0,,,148.0,,,159.0,,12.0,20.0,,203.0,opel
115.0,51.0,,,,,,34.0,,,207.0,,184.0,,,1.0,198.0,208.0,saab
,,,,,7.0,135.0,,,145.0,,272.0,162.0,75.0,3.0,,187.0,,van
,,,225.0,,,214.0,,,164.0,228.0,,,,,,187.0,,opel
103.0,,,,,10.0,,32.0,,,,660.0,223.0,,,24.0,,,saab
84.0,43.0,,,,8.0,,,19.0,,173.0,,,81.0,,,,,bus
,38.0,,,,,,,,,197.0,,,67.0,9.0,,,,saab
88.0,39.0,,,,7.0,,44.0,,,,,,69.0,,,,201.0,bus
91.0,,,,,9.0,,34.0,,,,,199.0,,5.0,,186.0,,opel
91.0,,,,61.0,8.0,,47.0,19.0,128.0,,,137.0,63.0,,31.0,,,saab
,44.0,68.0,120.0,,8.0,,45.0,,146.0,,,190.0,,,16.0,,,bus
,48.0,,,,,201.0,,23.0,,,602.0,,,,,193.0,202.0,opel
92.0,52.0,,204.0,,,189.0,35.0,22.0,161.0,,,240.0,,,5.0,188.0,,opel
87.0,,,,,7.0,,45.0,,,177.0,327.0,156.0,,6.0,,185.0,188.0,bus
,,,,,9.0,,50.0,18.0,135.0,161.0,262.0,128.0,,,,,,van
,38.0,,,,6.0,,,,,,,137.0,74.0,,,,199.0,bus
,,,,66.0,9.0,,34.0,22.0,143.0,,,195.0,73.0,,19.0,189.0,197.0,saab
106.0,53.0,98.0,,,4.0,,28.0,26.0,,,,222.0,,4.0,,,184.0,bus
,50.0,103.0,,,,,31.0,,,223.0,,188.0,,9.0,9.0,190.0,200.0,saab
,,64.0,,,8.0,,,,,160.0,,139.0,,7.0,,,,van
109.0,,96.0,,,,,,,150.0,219.0,,191.0,,,,190.0,198.0,saab
,,,,,,130.0,,18.0,142.0,,253.0,161.0,63.0,,2.0,203.0,,van
,,98.0,211.0,,,,35.0,,,,,,71.0,,,187.0,,opel
107.0,,96.0,201.0,,,218.0,31.0,,,,,,,,21.0,187.0,,saab
,,,116.0,,,115.0,,,126.0,135.0,,,74.0,11.0,,186.0,,van
85.0,,,123.0,,,148.0,46.0,,145.0,166.0,,171.0,,,,179.0,,bus
,55.0,,,,11.0,,,,172.0,221.0,709.0,,70.0,10.0,,187.0,,saab
,,,126.0,52.0,9.0,127.0,,,,,238.0,119.0,71.0,2.0,,,,van
,,,203.0,62.0,10.0,217.0,31.0,,,229.0,,,72.0,,4.0,,197.0,saab
90.0,,,160.0,59.0,7.0,163.0,41.0,20.0,,,396.0,,,7.0,,,192.0,saab
85.0,43.0,,,,,,46.0,,,,,,,,2.0,179.0,,bus
,,68.0,150.0,64.0,9.0,,,,143.0,,,,69.0,,0.0,192.0,,van
100.0,,,163.0,,10.0,,,,164.0,217.0,631.0,,,,21.0,188.0,,opel
98.0,,88.0,191.0,63.0,6.0,192.0,,22.0,147.0,,563.0,,73.0,,,194.0,,bus
,,,,,7.0,,,19.0,140.0,,,,,,,,,bus
83.0,,,,,6.0,,53.0,18.0,140.0,142.0,,,,8.0,7.0,,,van
85.0,,,,55.0,,122.0,55.0,,130.0,137.0,219.0,,,,,,201.0,opel
111.0,53.0,,,,,207.0,,,167.0,,,216.0,,21.0,2.0,,205.0,saab
103.0,56.0,,,59.0,,216.0,,,,,,,,15.0,11.0,,194.0,opel
92.0,,76.0,180.0,,,,43.0,,131.0,,,,,,14.0,,200.0,bus
,,,,,,146.0,45.0,,,169.0,318.0,,,,16.0,188.0,,van
,,,128.0,,5.0,,,,,,261.0,,,,,185.0,188.0,opel
,,,,66.0,,,40.0,20.0,143.0,189.0,396.0,,,,11.0,,199.0,opel
93.0,47.0,84.0,205.0,,,176.0,36.0,,,,,,70.0,,,198.0,,bus
,52.0,,,,10.0,198.0,33.0,23.0,,,,,64.0,2.0,5.0,,,opel
,,68.0,148.0,64.0,,150.0,45.0,,144.0,175.0,,171.0,,1.0,2.0,182.0,,bus
88.0,,,155.0,56.0,,154.0,43.0,19.0,,,357.0,170.0,,,,,193.0,saab
103.0,,105.0,174.0,56.0,,210.0,,24.0,,222.0,650.0,222.0,,8.0,,,196.0,saab
83.0,,,139.0,59.0,6.0,,44.0,19.0,,,336.0,183.0,,5.0,,,191.0,bus
79.0,,55.0,120.0,55.0,,142.0,48.0,19.0,,,,,81.0,,2.0,,,saab
,,103.0,,,,215.0,,,,219.0,,219.0,,5.0,24.0,185.0,,opel
83.0,39.0,69.0,,,5.0,135.0,49.0,18.0,,155.0,,,,16.0,6.0,,,opel
98.0,38.0,,,,,166.0,,,,,427.0,,70.0,,3.0,200.0,,bus
90.0,,,,,,157.0,,,,169.0,354.0,,78.0,1.0,,182.0,191.0,van
,43.0,66.0,,,,,,19.0,,,,,,,15.0,180.0,183.0,bus
81.0,,68.0,154.0,,22.0,,45.0,,147.0,,335.0,,,1.0,10.0,,185.0,bus
90.0,48.0,,,,,161.0,43.0,20.0,,175.0,375.0,,,3.0,,,195.0,van
,53.0,108.0,,64.0,,220.0,31.0,,,,,203.0,,,,189.0,203.0,saab
,,96.0,,,,,,,143.0,,534.0,,,,,190.0,,opel
93.0,,,,,,185.0,36.0,,138.0,,508.0,,,10.0,,,197.0,saab
,,,,,,137.0,,,127.0,,,145.0,75.0,,9.0,181.0,,saab
104.0,56.0,96.0,,,,220.0,30.0,25.0,,,713.0,218.0,73.0,6.0,,186.0,195.0,opel
95.0,41.0,82.0,,,9.0,,46.0,,145.0,,314.0,,,,,199.0,,van
,,105.0,,,10.0,,33.0,,163.0,,597.0,,68.0,10.0,,,,opel
,,,196.0,,,,,,173.0,225.0,,214.0,,,,186.0,,opel
,,,149.0,,,,,,,,,,,,,,,opel
95.0,,92.0,,,,,,21.0,,200.0,,,64.0,,,198.0,,opel
,,100.0,177.0,54.0,13.0,224.0,30.0,25.0,188.0,223.0,,213.0,72.0,,,185.0,,opel
,,66.0,,,,131.0,,,,,,162.0,73.0,10.0,,,191.0,van
,,,,,,,,,162.0,,,,,,10.0,182.0,191.0,van
,,70.0,,66.0,,,,,129.0,167.0,346.0,119.0,,,,,,bus
,,70.0,185.0,,,,40.0,,153.0,,406.0,,,,,200.0,,bus
,,,204.0,,11.0,,31.0,,,,,,71.0,16.0,,190.0,199.0,saab
,,83.0,,56.0,,,,,148.0,,382.0,184.0,71.0,10.0,,,,saab
82.0,,,114.0,,,135.0,50.0,,,150.0,,,86.0,,,,,saab
,,105.0,,,,,,,,,,,85.0,,8.0,,,bus
87.0,,,,58.0,,140.0,,18.0,,168.0,294.0,,,3.0,12.0,,,van
,,,169.0,60.0,8.0,158.0,42.0,20.0,148.0,,,181.0,67.0,,,193.0,,saab
95.0,,76.0,,,,151.0,,,149.0,173.0,,,,,23.0,187.0,200.0,van
90.0,,,,64.0,,,,18.0,144.0,159.0,,,65.0,9.0,4.0,,,van
,34.0,,140.0,56.0,,130.0,,,,,,,62.0,,29.0,201.0,207.0,opel
,39.0,87.0,,64.0,8.0,169.0,,20.0,,,,149.0,72.0,,25.0,,195.0,saab
,46.0,,163.0,,11.0,,,,159.0,,368.0,,,,,186.0,,van
,54.0,,,67.0,12.0,,30.0,25.0,,228.0,721.0,,70.0,3.0,,,,saab
,,78.0,146.0,58.0,7.0,,50.0,18.0,124.0,155.0,,,66.0,,,,,saab
85.0,,,,55.0,5.0,,,17.0,,,,,,,,,,van
